game_id,season,game_type,week,gameday,weekday,gametime,away_team,away_score,home_team,home_score,location,result,total,overtime,old_game_id,gsis,nfl_detail_id,pfr,pff,espn,ftn,away_rest,home_rest,away_moneyline,home_moneyline,spread_line,away_spread_odds,home_spread_odds,total_line,under_odds,over_odds,div_game,roof,surface,temp,wind,away_qb_id,home_qb_id,away_qb_name,home_qb_name,away_coach,home_coach,referee,stadium_id,stadium,home_games_played_2026,home_current_season_weight,home_off_epa,home_def_epa,home_pass_epa,home_rush_epa,home_success_rate,home_pace,away_games_played_2026,away_current_season_weight,away_off_epa,away_def_epa,away_pass_epa,away_rush_epa,away_success_rate,away_pace,off_epa_diff,def_epa_diff,pass_epa_diff,rush_epa_diff,success_rate_diff,pace_diff,rest_diff,home_win_probability,away_win_probability,predicted_winner,predicted_winner_probability,model_name,prediction_generated_at
2026_01_NE_SEA,2026,REG,1,2026-09-09 00:00:00,Wednesday,20:20,NE,,SEA,,Home,,,,2026090900,,,202609090sea,,401872656,,7,7,142.0,-170.0,3.0,100.0,-120.0,44.5,-112.0,-108.0,0,outdoors,fieldturf,,,00-0039851,00-0034869,Drake Maye,Sam Darnold,Mike Vrabel,Mike Macdonald,,SEA00,Lumen Field,0,0.0,0.023529584321049,0.2561615269878453,0.0194775556607122,0.0310390048593346,0.4639445004517366,62.043661083428326,0,0.0,0.2909000372180832,0.1223710940813331,0.4318252035050333,0.1654924593930626,0.5508554315262986,59.093464652957095,-0.2673704528970341,0.1337904329065121,-0.412347647844321,-0.1344534545337279,-0.0869109310745619,2.9501964304712303,0,0.373052284985045,0.6269477150149549,NE,0.6269477150149549,Model C - Efficiency,2026-09-09T11:50:01.884975
2026_01_SF_LA,2026,REG,1,2026-09-10 00:00:00,Thursday,20:35,SF,,LA,,Neutral,,,,2026091000,,,202609100ram,,401872657,,7,7,164.0,-198.0,3.5,-102.0,-118.0,48.5,-112.0,-108.0,1,dome,matrixturf,,,00-0037834,00-0026498,Brock Purdy,Matthew Stafford,Kyle Shanahan,Sean McVay,,MEL00,Melbourne Cricket Ground,0,0.0,0.1549840599967986,-0.0347187760885156,0.2515219981712361,0.0186110058742655,0.5158678677769775,66.99857512086227,0,0.0,0.0577878860632475,-0.1074721666899585,0.1235736365232982,0.0261445806011792,0.4564361591795423,58.45656070037811,0.0971961739335511,0.0727533906014429,0.1279483616479378,-0.0075335747269136,0.0594317085974351,8.542014420484158,0,0.7087548620132978,0.2912451379867021,LA,0.7087548620132978,Model C - Efficiency,2026-09-09T11:50:01.884975
2026_01_CHI_CAR,2026,REG,1,2026-09-13 00:00:00,Sunday,13:00,CHI,,CAR,,Home,,,,2026091300,,,202609130car,,401872661,,7,7,-166.0,140.0,-3.0,-120.0,100.0,46.5,-105.0,-115.0,0,outdoors,grass,,,00-0039918,00-0039150,Caleb Williams,Bryce Young,Ben Johnson,Dave Canales,,CAR00,Bank of America Stadium,0,0.0,-0.0866701361699346,-0.0432441568905831,-0.0445312054022471,-0.2016276692151295,0.4067543109915665,52.02449807611745,0,0.0,0.1062785745947342,-0.0725930708285013,0.1102658387853522,0.0910567735395419,0.4643096867058885,61.81554344970165,-0.1929487107646688,0.0293489139379182,-0.1547970441875994,-0.2926844427546715,-0.0575553757143219,-9.791045373584195,0,0.4059002669890801,0.5940997330109199,CHI,0.5940997330109199,Model C - Efficiency,2026-09-09T11:50:01.884975
2026_01_TB_CIN,2026,REG,1,2026-09-13 00:00:00,Sunday,13:00,TB,,CIN,,Home,,,,2026091301,,,202609130cin,,401872925,,7,7,170.0,-205.0,3.5,-108.0,-112.0,50.5,-112.0,-108.0,0,outdoors,fieldturf,,,00-0034855,00-0036442,Baker Mayfield,Joe Burrow,Todd Bowles,Zac Taylor,,CIN00,Paycor Stadium,0,0.0,0.0620754392348341,0.004682427246134,0.0644655558481626,0.0752184534693774,0.5085822973560814,66.31889456676942,0,0.0,0.0044104413790023,-0.0598733799703335,0.0574506544197626,-0.0159432696284363,0.4428374024982338,63.48762250046438,0.0576649978558318,0.0645558072164676,0.0070149014284,0.0911617230978137,0.0657448948578476,2.831272066305033,0,0.7014962883338146,0.2985037116661854,CIN,0.7014962883338146,Model C - Efficiency,2026-09-09T11:50:01.884975
2026_01_NO_DET,2026,REG,1,2026-09-13 00:00:00,Sunday,13:00,NO,,DET,,Home,,,,2026091302,,,202609130det,,401872923,,7,7,250.0,-310.0,7.0,-112.0,-108.0,49.5,-102.0,-118.0,0,dome,fieldturf,,,00-0040743,00-0033106,Tyler Shough,Jared Goff,Kellen Moore,Dan Campbell,,DET00,Ford Field,0,0.0,0.0103866873369393,-0.0014872118294517,0.1182016410655159,-0.1793608882245357,0.4367789102535178,65.5176387435381,0,0.0,-0.0024965032499681,0.1792844093564166,0.0463929516812351,-0.0791578590960398,0.4152359254639827,62.725712712354174,0.0128831905869075,-0.1807716211858683,0.0718086893842807,-0.1002030291284959,0.021542984789535,2.7919260311839267,0,0.496081231267459,0.5039187687325409,NO,0.5039187687325409,Model C - Efficiency,2026-09-09T11:50:01.884975
2026_01_BUF_HOU,2026,REG,1,2026-09-13 00:00:00,Sunday,13:00,BUF,,HOU,,Home,,,,2026091303,,,202609130htx,,401872660,,7,7,-118.0,-102.0,-1.5,-102.0,-118.0,44.5,-105.0,-115.0,0,,astroturf,,,00-0034857,00-0039163,Josh Allen,C.J. Stroud,Sean McDermott,DeMeco Ryans,,HOU00,Reliant Stadium,0,0.0,-0.042096263944632,0.1183730679338825,0.0226371119189656,-0.1241767164041182,0.413531903573512,62.09228910028917,0,0.0,0.1447485005569689,0.095765263433166,0.1964917819228683,0.1059891062745282,0.5075844015974555,64.98147307739501,-0.1868447645016009,0.0226078045007164,-0.1738546700039027,-0.2301658226786465,-0.0940524980239435,-2.889183977105837,0,0.3417830071884778,0.6582169928115222,BUF,0.6582169928115222,Model C - Efficiency,2026-09-09T11:50:01.884975
2026_01_BAL_IND,2026,REG,1,2026-09-13 00:00:00,Sunday,13:00,BAL,,IND,,Home,,,,2026091304,,,202609130clt,,401872659,,7,7,-175.0,145.0,-3.5,-105.0,-115.0,47.5,-105.0,-115.0,0,,fieldturf,,,00-0034796,00-0035710,Lamar Jackson,Daniel Jones,Jesse Minter,Shane Steichen,,IND00,Lucas Oil Stadium,0,0.0,-0.082820758457982,-0.0523324355077063,-0.0990129049923388,-0.0523198296313199,0.3998955284409806,59.2362801848925,0,0.0,0.1330242959252006,-0.0404798153741235,0.1556530589828536,0.129519851443402,0.4456510656727003,56.13961116109184,-0.2158450543831826,-0.0118526201335828,-0.2546659639751925,-0.1818396810747219,-0.0457555372317197,3.096669023800665,0,0.3948886368626949,0.6051113631373051,BAL,0.6051113631373051,Model C - Efficiency,2026-09-09T11:50:01.884975
2026_01_CLE_JAX,2026,REG,1,2026-09-13 00:00:00,Sunday,13:00,CLE,,JAX,,Home,,,,2026091305,,,202609130jax,,401872922,,7,7,360.0,-470.0,8.5,-110.0,-110.0,40.5,-110.0,-110.0,0,outdoors,grass,,,00-0033537,00-0036971,Deshaun Watson,Trevor Lawrence,Todd Monken,Liam Coen,,JAX00,EverBank Stadium,0,0.0,0.1098493221197992,0.214787253300023,0.2494408499501191,-0.0884968774091769,0.4459165379337921,61.27161816975587,0,0.0,-0.1909842732311041,0.093114148825514,-0.3153414081797835,-0.0323569513937042,0.3561046510144179,55.70993931082573,0.3008335953509033,0.121673104474509,0.5647822581299027,-0.0561399260154726,0.0898118869193742,5.5616788589301365,0,0.8249257099400473,0.1750742900599526,JAX,0.8249257099400473,Model C - Efficiency,2026-09-09T11:50:01.884975
2026_01_ATL_PIT,2026,REG,1,2026-09-13 00:00:00,Sunday,13:00,ATL,,PIT,,Home,,,,2026091306,,,202609130pit,,401872658,,7,7,154.0,-185.0,3.5,-108.0,-112.0,42.5,-115.0,-105.0,0,outdoors,grass,,,00-0036212,00-0023459,Tua Tagovailoa,Aaron Rodgers,Raheem Morris,Mike McCarthy,,PIT00,Acrisure Stadium,0,0.0,0.0258578101869593,-0.0051383454928109,0.031460483586948,0.0129776184313581,0.4378418695400186,64.27680523851014,0,0.0,-0.038817426731867,0.0395885745337027,0.0328823527900229,-0.121973338376952,0.4073257884362596,60.46340455137246,0.0646752369188263,-0.0447269200265137,-0.0014218692030748,0.1349509568083101,0.0305160811037589,3.8134006871376727,0,0.5909495721136726,0.4090504278863274,PIT,0.5909495721136726,Model C - Efficiency,2026-09-09T11:50:01.884975
2026_01_NYJ_TEN,2026,REG,1,2026-09-13 00:00:00,Sunday,13:00,NYJ,,TEN,,Home,,,,2026091307,,,202609130oti,,401872924,,7,7,102.0,-122.0,1.5,-110.0,-110.0,39.5,-110.0,-110.0,0,outdoors,grass,,,00-0030565,00-0040676,Geno Smith,Cam Ward,Aaron Glenn,Robert Saleh,,NAS00,Nissan Stadium,0,0.0,-0.1522627345046822,-0.1079485430523828,-0.2341671121079663,0.0090001649047077,0.361166127926702,60.34242269729327,0,0.0,-0.2297022001228134,-0.2656752097853446,-0.3087652061881212,-0.1083477792920166,0.3579098835489459,57.73833568009947,0.0774394656181311,0.1577266667329618,0.0745980940801549,0.1173479441967244,0.0032562443777561,2.6040870171938053,0,0.6604556181447537,0.3395443818552462,TEN,0.6604556181447537,Model C - Efficiency,2026-09-09T11:50:01.884975
2026_01_ARI_LAC,2026,REG,1,2026-09-13 00:00:00,Sunday,16:25,ARI,,LAC,,Home,,,,2026091308,,,202609130sdg,,401872926,,7,7,390.0,-520.0,9.5,-105.0,-115.0,47.5,-118.0,-102.0,0,dome,matrixturf,,,00-0033119,00-0036355,Jacoby Brissett,Justin Herbert,Jonathan Gannon,Jim Harbaugh,,LAX01,SoFi Stadium,0,0.0,-0.1301862098096816,0.1375181057733118,-0.1645506351627629,0.0123967133621235,0.3828902175714365,62.91200974371256,0,0.0,-0.010855567676857,-0.2061787688882423,-0.0111545910072628,-0.0218394768928734,0.4174610225308113,58.15018911629932,-0.1193306421328245,0.3436968746615542,-0.1533960441555001,0.034236190254997,-0.0345708049593748,4.761820627413243,0,0.6420542809516726,0.3579457190483274,LAC,0.6420542809516726,Model C - Efficiency,2026-09-09T11:50:01.884975
2026_01_MIA_LV,2026,REG,1,2026-09-13 00:00:00,Sunday,16:25,MIA,,LV,,Home,,,,2026091309,,,202609130rai,,401872928,,7,7,154.0,-185.0,3.5,-115.0,-105.0,40.5,-105.0,-115.0,0,dome,grass,,,00-0038128,00-0029604,Malik Willis,Kirk Cousins,Jeff Hafley,Klint Kubliak,,VEG00,Allegiant Stadium,0,0.0,-0.2901252832773857,0.0695427605904419,-0.2932273895395053,-0.2813895658285601,0.3279651889114854,54.53946709392825,0,0.0,-0.0795472394353464,-0.1490142618462369,-0.0452966263217467,-0.130277222075487,0.4221733065265028,54.614568195694346,-0.2105780438420393,0.2185570224366788,-0.2479307632177586,-0.1511123437530731,-0.0942081176150174,-0.0751011017660943,0,0.4349373567685499,0.5650626432314501,MIA,0.5650626432314501,Model C - Efficiency,2026-09-09T11:50:01.884975
2026_01_GB_MIN,2026,REG,1,2026-09-13 00:00:00,Sunday,16:25,GB,,MIN,,Home,,,,2026091310,,,202609130min,,401872927,,7,7,102.0,-122.0,1.5,-108.0,-112.0,46.5,-112.0,-108.0,1,dome,sportturf,,,00-0036264,00-0035228,Jordan Love,Kyler Murray,Matt LaFleur,Kevin O'Connell,,MIN01,U.S. Bank Stadium,0,0.0,-0.0985700437073206,0.2721557754931385,-0.2057621245576848,0.0095661898387478,0.4203849620520372,55.92448036747524,0,0.0,-0.0120358157235927,-0.0910918882554168,-0.0393653921807257,-0.0995150826605108,0.4534180543053049,54.043360681171706,-0.0865342279837278,0.3632476637485553,-0.166396732376959,0.1090812724992587,-0.0330330922532677,1.8811196863035349,0,0.6577451630630848,0.3422548369369151,MIN,0.6577451630630848,Model C - Efficiency,2026-09-09T11:50:01.884975
2026_01_WAS_PHI,2026,REG,1,2026-09-13 00:00:00,Sunday,16:25,WAS,,PHI,,Home,,,,2026091311,,,202609130phi,,401872929,,7,7,180.0,-218.0,5.5,-112.0,-108.0,44.5,-115.0,-105.0,1,outdoors,grass,,,00-0039910,00-0036389,Jayden Daniels,Jalen Hurts,Dan Quinn,Nick Sirianni,,PHI00,Lincoln Financial Field,0,0.0,-0.0039067116251037,0.124013770822977,0.0351035103893948,0.0102918340279588,0.4253539140847081,60.20664301786701,0,0.0,-0.0084362777376391,-0.1174678919945243,0.0172423147635725,0.0059034217264652,0.4405108130585779,54.71473190326371,0.0045295661125354,0.2414816628175013,0.0178611956258223,0.0043884123014936,-0.0151568989738697,5.4919111146032975,0,0.6524339955058929,0.3475660044941071,PHI,0.6524339955058929,Model C - Efficiency,2026-09-09T11:50:01.884975
2026_01_DAL_NYG,2026,REG,1,2026-09-13 00:00:00,Sunday,20:20,DAL,,NYG,,Home,,,,2026091312,,,202609130nyg,,401872930,,7,7,-162.0,136.0,-3.0,-105.0,-115.0,48.5,-115.0,-105.0,1,outdoors,fieldturf,,,00-0033077,00-0040691,Dak Prescott,Jaxson Dart,Brian Schottenheimer,John Harbaugh,,NYC01,MetLife Stadium,0,0.0,0.0423987256450986,0.0404741158347576,-0.0416997326400533,0.0954250658751612,0.4332103502397867,62.81481867907333,0,0.0,0.0413299181586721,-0.2111385229237229,0.0800061785491736,-0.0310767394350938,0.4596433047564572,65.6813025546251,0.0010688074864265,0.2516126387584806,-0.121705911189227,0.126501805310255,-0.0264329545166704,-2.866483875551772,0,0.6224034094256151,0.3775965905743849,NYG,0.6224034094256151,Model C - Efficiency,2026-09-09T11:50:01.884975
2026_01_DEN_KC,2026,REG,1,2026-09-14 00:00:00,Monday,20:15,DEN,,KC,,Home,,,,2026091400,,,202609140kan,,401872931,,7,7,130.0,-155.0,2.5,100.0,-120.0,43.5,-110.0,-110.0,1,outdoors,grass,,,00-0039732,00-0033873,Bo Nix,Patrick Mahomes,Sean Payton,Andy Reid,,KAN00,GEHA Field at Arrowhead Stadium,0,0.0,-0.2266145038037695,0.1142377405238365,-0.3202766316858367,-0.0906456036208716,0.3367306045677775,55.81115135103147,0,0.0,-0.000830678427213,0.1592200638847408,0.0409331557069629,-0.0615780878873865,0.4445851871935823,63.50795308078004,-0.2257838253765565,-0.0449823233609042,-0.3612097873927997,-0.0290675157334851,-0.1078545826258047,-7.696801729748572,0,0.2720253723381625,0.7279746276618375,DEN,0.7279746276618375,Model C - Efficiency,2026-09-09T11:50:01.884975
2026_02_DET_BUF,2026,REG,2,2026-09-17 00:00:00,Thursday,20:15,DET,,BUF,,Home,,,,2026091700,,,202609170buf,,401872932,7035.0,4,4,185.0,-225.0,5.5,-115.0,-105.0,54.5,-110.0,-110.0,0,outdoors,a_turf,,,00-0033106,00-0034857,Jared Goff,Josh Allen,Dan Campbell,Sean McDermott,,BUF00,Highmark Stadium,1,0.25,0.1658759372197555,0.0545970240174568,0.2609237108643514,0.0468218913156511,0.4816498396596301,61.73610480804626,1,0.25,0.007892472238133,0.0065538458162901,0.0932582593911405,-0.1398782965318521,0.4405978813202753,67.38822905765358,0.1579834649816225,0.0480431782011667,0.1676654514732108,0.1867001878475032,0.0410519583393548,-5.652124249607319,0,0.6899185461159526,0.3100814538840474,BUF,0.6899185461159526,Model C - Efficiency,2026-09-16T11:50:48.190100
2026_02_CAR_ATL,2026,REG,2,2026-09-20 00:00:00,Sunday,13:00,CAR,,ATL,,Home,,,,2026092000,,,202609200atl,,401872933,7036.0,7,7,-135.0,114.0,-2.5,-112.0,-108.0,43.5,-105.0,-115.0,1,,fieldturf,,,00-0039150,00-0036212,Bryce Young,Tua Tagovailoa,Dave Canales,Raheem Morris,,ATL97,Mercedes-Benz Stadium,1,0.25,-0.109364499628379,0.1053855556734029,-0.1269204222676569,-0.1119056369332224,0.4019855693973702,59.59755341352935,1,0.25,-0.0196186406802341,-0.1347785413857923,0.0293662381261377,-0.1374380281561418,0.4260334751791588,54.51837355708809,-0.0897458589481448,0.2401640970591952,-0.1562866603937947,0.0255323912229193,-0.0240479057817886,5.079179856441257,0,0.6058817400888237,0.3941182599111763,ATL,0.6058817400888237,Model C - Efficiency,2026-09-16T11:50:48.190100
2026_02_NO_BAL,2026,REG,2,2026-09-20 00:00:00,Sunday,13:00,NO,,BAL,,Home,,,,2026092001,,,202609200rav,,401872938,7037.0,7,7,320.0,-410.0,7.5,-105.0,-115.0,47.5,-112.0,-108.0,0,outdoors,grass,,,00-0040743,00-0034796,Tyler Shough,Lamar Jackson,Kellen Moore,Jesse Minter,,BAL00,M&T Bank Stadium,1,0.25,0.1801391993828903,0.0299492792377009,0.2107475866389886,0.1670827134028848,0.4592382992545252,57.10470837081888,1,0.25,-0.009541632125855,0.1343608502818839,0.0307701801473098,-0.0759307684328291,0.4160781068886847,68.54428453426563,0.1896808315087454,-0.104411571044183,0.1799774064916787,0.243013481835714,0.0431601923658405,-11.439576163446752,0,0.6252631809928134,0.3747368190071866,BAL,0.6252631809928134,Model C - Efficiency,2026-09-16T11:50:48.190100
2026_02_MIN_CHI,2026,REG,2,2026-09-20 00:00:00,Sunday,13:00,MIN,,CHI,,Home,,,,2026092002,,,202609200chi,,401872937,7038.0,7,7,185.0,-225.0,5.5,-108.0,-112.0,47.5,-105.0,-115.0,1,outdoors,grass,,,00-0035228,00-0039918,Kyler Murray,Caleb Williams,Kevin O'Connell,Ben Johnson,,CHI98,Soldier Field,1,0.25,0.1820543546639056,-0.0998287645685928,0.1949999001278624,0.1627249777968502,0.4839465507437021,63.86165758727624,1,0.25,-0.0788269549004291,0.2478232511169631,-0.1496893008849157,-0.0063340703954591,0.4042717723864855,56.69336027560643,0.2608813095643347,-0.3476520156855559,0.3446892010127781,0.1690590481923094,0.0796747783572165,7.168297311669811,0,0.5876710878584797,0.4123289121415203,CHI,0.5876710878584797,Model C - Efficiency,2026-09-16T11:50:48.190100
2026_02_CIN_HOU,2026,REG,2,2026-09-20 00:00:00,Sunday,13:00,CIN,,HOU,,Home,,,,2026092003,,,202609200htx,,401872934,7039.0,7,7,124.0,-148.0,3.0,-118.0,-102.0,46.5,-110.0,-110.0,0,,astroturf,,,00-0036442,00-0039163,Joe Burrow,C.J. Stroud,Zac Taylor,DeMeco Ryans,,HOU00,Reliant Stadium,1,0.25,-0.0143452744010564,0.031465239148383,0.0261024852397119,-0.0655245774164796,0.4265872838445176,64.81921682521687,1,0.25,0.046166536742791,0.0498152874683782,0.0301064372859707,0.0807429023804446,0.4983722068880288,65.23917092507706,-0.0605118111438474,-0.0183500483199952,-0.0040039520462588,-0.1462674797969243,-0.0717849230435112,-0.4199540998601918,0,0.3970218852375494,0.6029781147624507,CIN,0.6029781147624507,Model C - Efficiency,2026-09-16T11:50:48.190100
2026_02_PIT_NE,2026,REG,2,2026-09-20 00:00:00,Sunday,13:00,PIT,,NE,,Home,,,,2026092004,,,202609200nwe,,401872946,7040.0,7,11,180.0,-218.0,4.5,-105.0,-115.0,41.5,-108.0,-112.0,0,outdoors,fieldturf,,,00-0023459,00-0039851,Aaron Rodgers,Drake Maye,Mike McCarthy,Mike Vrabel,,BOS00,Gillette Stadium,1,0.25,0.1907679602784202,0.0753775222028038,0.2917761654413723,0.1021536996155055,0.5176191855850224,61.07009848971782,1,0.25,-0.0563007671329063,0.0763976704598705,-0.0573910641234959,-0.0533181894082191,0.410348615269768,63.457603928882605,0.2470687274113265,-0.0010201482570666,0.3491672295648683,0.1554718890237246,0.1072705703152543,-2.387505439164784,4,0.8011272033695938,0.1988727966304062,NE,0.8011272033695938,Model C - Efficiency,2026-09-16T11:50:48.190100
2026_02_GB_NYJ,2026,REG,2,2026-09-20 00:00:00,Sunday,13:00,GB,,NYJ,,Home,,,,2026092005,,,202609200nyj,,401872936,7041.0,7,7,-205.0,170.0,-4.5,100.0,-120.0,44.5,-108.0,-112.0,0,outdoors,fieldturf,,,00-0036264,00-0030565,Jordan Love,Geno Smith,Matt LaFleur,Aaron Glenn,,NYC01,MetLife Stadium,1,0.25,-0.1301891225007926,-0.1696004637374587,-0.1299608618863121,-0.0788569836533359,0.3934324126617095,58.30375176007461,1,0.25,-0.0527332812898037,-0.0634194940716239,-0.0442177729055096,-0.1818943397519504,0.437078466102113,57.28252051087878,-0.0774558412109888,-0.1061809696658347,-0.0857430889808025,0.1030373560986145,-0.0436460534404035,1.0212312491958215,0,0.4050261478603699,0.5949738521396302,GB,0.5949738521396302,Model C - Efficiency,2026-09-16T11:50:48.190100
2026_02_CLE_TB,2026,REG,2,2026-09-20 00:00:00,Sunday,13:00,CLE,,TB,,Home,,,,2026092006,,,202609200tam,,401872935,7042.0,7,7,310.0,-395.0,8.5,-112.0,-108.0,41.5,-110.0,-110.0,0,outdoors,grass,,,00-0033537,00-0034855,Deshaun Watson,Baker Mayfield,Todd Monken,Todd Bowles,,TAM00,Raymond James Stadium,1,0.25,-0.042995635999526,-0.0445149922944156,-0.0187265622357749,-0.0321369849109884,0.4497751106972047,60.36571687534829,1,0.25,-0.1893058290350208,-0.0147063317229281,-0.3275711633635155,-0.01511115383158,0.3793233862199971,54.032454483119295,0.1463101930354948,-0.0298086605714874,0.3088446011277406,-0.0170258310794083,0.0704517244772076,6.333262392228988,0,0.7083898508426173,0.2916101491573827,TB,0.7083898508426173,Model C - Efficiency,2026-09-16T11:50:48.190100
2026_02_PHI_TEN,2026,REG,2,2026-09-20 00:00:00,Sunday,13:00,PHI,,TEN,,Home,,,,2026092007,,,202609200oti,,401872939,7043.0,7,7,-310.0,250.0,-7.0,-112.0,-108.0,39.5,-110.0,-110.0,0,outdoors,grass,,,00-0036389,00-0040676,Jalen Hurts,Cam Ward,Nick Sirianni,Robert Saleh,,NAS00,Nissan Stadium,1,0.25,-0.1438529944800614,-0.1230489348806045,-0.2281342894062036,0.0342267093861788,0.3831194939042102,57.50681702296996,1,0.25,0.0148240554847633,0.0780361302822158,0.0376970642903338,0.033245591496234,0.4072507296811781,57.90498226340026,-0.1586770499648248,-0.2010850651628205,-0.2658313536965375,0.0009811178899448,-0.0241312357769679,-0.398165240430302,0,0.3479271740582373,0.6520728259417627,PHI,0.6520728259417627,Model C - Efficiency,2026-09-16T11:50:48.190100
2026_02_JAX_DEN,2026,REG,2,2026-09-20 00:00:00,Sunday,16:05,JAX,,DEN,,Home,,,,2026092008,,,202609200den,,401872940,7044.0,7,6,124.0,-148.0,2.5,-102.0,-118.0,45.5,-112.0,-108.0,0,outdoors,grass,,,00-0036971,00-0039732,Trevor Lawrence,Bo Nix,Liam Coen,Sean Payton,,DEN00,Empower Field at Mile High,1,0.25,-0.0865863710279785,0.078308212808538,-0.0816547564631687,-0.0718240457555152,0.4258301947430127,59.13096481058503,1,0.25,0.1669289349319131,0.2071580640867101,0.3852210098246936,-0.0758432076969215,0.4853807996767592,59.2037136273169,-0.2535153059598917,-0.128849851278172,-0.4668757662878623,0.0040191619414063,-0.0595506049337464,-0.0727488167318739,-1,0.2871129966828495,0.7128870033171505,JAX,0.7128870033171505,Model C - Efficiency,2026-09-16T11:50:48.190100
2026_02_LV_LAC,2026,REG,2,2026-09-20 00:00:00,Sunday,16:05,LV,,LAC,,Home,,,,2026092009,,,202609200sdg,,401872941,7045.0,7,7,240.0,-298.0,6.5,-105.0,-115.0,43.5,-110.0,-110.0,1,dome,matrixturf,,,00-0029604,00-0036355,Kirk Cousins,Justin Herbert,Klint Kubliak,Jim Harbaugh,,LAX01,SoFi Stadium,1,0.25,-0.1586294082200379,0.0671028518451979,-0.1701435290139411,-0.0720624990139094,0.3852068788648518,59.93400730778442,1,0.25,-0.2273812478255638,0.1111295419150347,-0.2166439199683015,-0.2323564369923433,0.3514426416836141,56.90460032044619,0.0687518396055258,-0.0440266900698367,0.0465003909543604,0.1602939379784339,0.0337642371812377,3.029406987338227,0,0.6082756417997253,0.3917243582002747,LAC,0.6082756417997253,Model C - Efficiency,2026-09-16T11:50:48.190100
2026_02_SEA_ARI,2026,REG,2,2026-09-20 00:00:00,Sunday,16:25,SEA,,ARI,,Home,,,,2026092010,,,202609200crd,,401872943,7046.0,11,7,-205.0,170.0,-3.5,-115.0,-105.0,40.5,-105.0,-115.0,1,,grass,,,00-0035704,00-0033119,Drew Lock,Jacoby Brissett,Mike Macdonald,Jonathan Gannon,,PHO00,State Farm Stadium,1,0.25,0.0278940517271431,-0.093644325803405,0.0509292191468768,-0.0088554455676577,0.4362841726952099,60.86264183722449,1,0.25,0.0340479865989827,0.2195282128760262,0.0566124831211956,0.0079804582667873,0.4490222051260365,58.28274581257124,-0.0061539348718396,-0.3131725386794312,-0.0056832639743188,-0.016835903834445,-0.0127380324308265,2.5798960246532445,-4,0.3382509634300954,0.6617490365699046,SEA,0.6617490365699046,Model C - Efficiency,2026-09-16T11:50:48.190100
2026_02_WAS_DAL,2026,REG,2,2026-09-20 00:00:00,Sunday,16:25,WAS,,DAL,,Home,,,,2026092011,,,202609200dal,,401872944,7047.0,7,7,180.0,-218.0,4.5,-115.0,-105.0,50.5,-112.0,-108.0,1,,matrixturf,,,00-0039910,00-0033077,Jayden Daniels,Dak Prescott,Dan Quinn,Brian Schottenheimer,,DAL00,AT&T Stadium,1,0.25,0.0861649515787913,-0.2505736949076407,0.1363348012983659,-0.008113944422519,0.4601170939519583,62.260976915968826,1,0.25,0.0086469895317874,-0.1058550081994844,0.0400555934002694,0.005733397200721,0.4370007568527569,58.03604892744778,0.0775179620470038,-0.1447186867081563,0.0962792078980965,-0.0138473416232401,0.0231163370992013,4.224927988521046,0,0.5308167825058876,0.4691832174941124,DAL,0.5308167825058876,Model C - Efficiency,2026-09-16T11:50:48.190100
2026_02_MIA_SF,2026,REG,2,2026-09-20 00:00:00,Sunday,16:25,MIA,,SF,,Home,,,,2026092012,,,202609200sfo,,401872942,7048.0,7,10,625.0,-950.0,13.5,-115.0,-105.0,45.5,-112.0,-108.0,0,outdoors,grass,,,00-0038128,00-0037834,Malik Willis,Brock Purdy,Jeff Hafley,Kyle Shanahan,,SFO01,Levi's Stadium,1,0.25,0.088032804906231,-0.0144443941782189,0.1281627828033628,0.0747375720839735,0.4829521193846567,59.84242052528359,1,0.25,-0.1186329010487131,-0.1019734110171532,-0.106080958990141,-0.133327467537036,0.4016299798948772,53.46092614677076,0.2066657059549441,0.0875290168389342,0.2342437417935038,0.2080650396210095,0.0813221394897795,6.381494378512826,3,0.7862430902240815,0.2137569097759185,SF,0.7862430902240815,Model C - Efficiency,2026-09-16T11:50:48.190100
2026_02_IND_KC,2026,REG,2,2026-09-20 00:00:00,Sunday,20:20,IND,,KC,,Home,,,,2026092013,,,202609200kan,,401872945,7049.0,7,6,230.0,-285.0,6.5,100.0,-120.0,46.5,-110.0,-110.0,0,outdoors,grass,,,00-0035710,00-0033873,Daniel Jones,Patrick Mahomes,Shane Steichen,Andy Reid,,KAN00,GEHA Field at Arrowhead Stadium,1,0.25,-0.1288540427478096,0.1716416676004462,-0.2600508478572611,0.0236242342961962,0.3580167034258331,57.8583635132736,1,0.25,-0.12242470961178,-0.1196203040697696,-0.189661354997755,-0.0086463294411912,0.4036952312363958,57.67721013866937,-0.0064293331360295,0.2912619716702158,-0.070389492859506,0.0322705637373874,-0.0456785278105627,0.1811533746042286,-1,0.606811447713288,0.393188552286712,KC,0.606811447713288,Model C - Efficiency,2026-09-16T11:50:48.190100
2026_02_NYG_LA,2026,REG,2,2026-09-21 00:00:00,Monday,20:15,NYG,,LA,,Home,,,,2026092100,,,202609210ram,,401872947,7050.0,8,11,280.0,-355.0,7.0,-105.0,-115.0,47.5,-105.0,-115.0,0,dome,matrixturf,,,00-0040691,00-0026498,Jaxson Dart,Matthew Stafford,John Harbaugh,Sean McVay,,LAX01,SoFi Stadium,1,0.25,0.050078314158349,-0.0707309724251821,0.090178452231199,-0.0198981608755726,0.4940437579755902,64.2489313406467,1,0.25,0.1240188469486724,-0.024811926083719,0.1454385218772213,0.0867503939472547,0.47490776267984,63.361114009305,-0.0739405327903234,-0.0459190463414631,-0.0552600696460222,-0.1066485548228273,0.0191359952957502,0.8878173313417079,3,0.5546740175508362,0.4453259824491637,LA,0.5546740175508362,Model C - Efficiency,2026-09-16T11:50:48.190100
2026_03_ATL_GB,2026,REG,3,2026-09-24 00:00:00,Thursday,20:15,ATL,,GB,,Home,,,,2026092400,,,202609240gnb,,401872948,7051.0,4,4,220.0,-270.0,5.5,-112.0,-108.0,43.5,-118.0,-102.0,0,outdoors,grass,,,00-0039917,00-0036264,Michael Penix Jr.,Jordan Love,Raheem Morris,Matt LaFleur,,GNB00,Lambeau Field,2,0.5,-0.1001958460548161,-0.0233807256909167,-0.0548188456112855,-0.26600364711507,0.4110160633999872,58.09310891201443,2,0.5,-0.2016779790942267,0.1076288667261572,-0.3023525136012582,-0.1199212306547988,0.3926802136360776,60.16027370425766,0.1014821330394105,-0.1310095924170739,0.2475336679899727,-0.1460824164602711,0.0183358497639095,-2.067164792243233,0,0.5484249341074989,0.451575065892501,GB,0.5484249341074989,Model C - Efficiency,2026-09-23T15:34:16.964376
2026_03_LAC_BUF,2026,REG,3,2026-09-27 00:00:00,Sunday,13:00,LAC,,BUF,,Home,,,,2026092700,,,202609270buf,,401872953,7052.0,7,10,275.0,-345.0,7.0,-105.0,-115.0,50.5,-115.0,-105.0,0,outdoors,a_turf,,,00-0036355,00-0034857,Justin Herbert,Josh Allen,Jim Harbaugh,Sean McDermott,,BUF00,Highmark Stadium,2,0.5,0.2163433927252188,-0.0099288576192806,0.3256134952708076,0.0653592514754984,0.4802740522805793,60.490736538697504,2,0.5,-0.1895181806003906,0.031063877993075,-0.1517148386371277,-0.1797789405473387,0.3821923754343131,58.52743344328485,0.4058615733256094,-0.0409927356123556,0.4773283339079354,0.2451381920228371,0.0980816768462661,1.963303095412656,3,0.7943824257655268,0.2056175742344732,BUF,0.7943824257655268,Model C - Efficiency,2026-09-23T15:34:16.964376
2026_03_CAR_CLE,2026,REG,3,2026-09-27 00:00:00,Sunday,13:00,CAR,,CLE,,Home,,,,2026092701,,,202609270cle,,401872949,7053.0,7,7,-148.0,124.0,-2.5,-120.0,100.0,42.5,-112.0,-108.0,0,outdoors,grass,,,00-0039150,00-0033537,Bryce Young,Deshaun Watson,Dave Canales,Todd Monken,,CLE00,Huntington Bank Field,2,0.5,-0.1599648913630907,-0.0533535355463514,-0.2414520613038484,-0.0702906116799386,0.4003967888990347,52.92639822684144,2,0.5,0.0417990470562162,-0.100205460284618,0.1090148440186846,-0.0993975795861509,0.4391422105610023,56.583677609487296,-0.201763938419307,0.0468519247382666,-0.350466905322533,0.0291069679062122,-0.0387454216619676,-3.6572793826458607,0,0.4372321033702288,0.5627678966297712,CAR,0.5627678966297712,Model C - Efficiency,2026-09-23T15:34:16.964376
2026_03_NYJ_DET,2026,REG,3,2026-09-27 00:00:00,Sunday,13:00,NYJ,,DET,,Home,,,,2026092702,,,202609270det,,401872954,7054.0,7,10,245.0,-305.0,6.5,-110.0,-110.0,47.5,-110.0,-110.0,0,dome,fieldturf,,,00-0030565,00-0033106,Geno Smith,Jared Goff,Aaron Glenn,Dan Campbell,,DET00,Ford Field,2,0.5,0.0385413089729203,-0.0518787248037347,0.1288669387436953,-0.1270970087686841,0.4489620199900882,67.68739080034048,2,0.5,-0.0698921046249754,-0.0587317751218803,0.0047535592639261,-0.1133944363753926,0.411852326080308,60.44059641147831,0.1084334135978957,0.0068530503181455,0.1241133794797691,-0.0137025723932914,0.0371096939097802,7.24679438886217,3,0.6549189883771881,0.3450810116228119,DET,0.6549189883771881,Model C - Efficiency,2026-09-23T15:34:16.964376
2026_03_HOU_IND,2026,REG,3,2026-09-27 00:00:00,Sunday,13:00,HOU,,IND,,Home,,,,2026092703,,,202609270clt,,401872951,7055.0,7,7,-148.0,124.0,-3.0,-102.0,-118.0,42.5,-108.0,-112.0,1,,fieldturf,,,00-0039163,00-0035710,C.J. Stroud,Daniel Jones,DeMeco Ryans,Shane Steichen,,IND00,Lucas Oil Stadium,2,0.5,-0.1054979159241487,-0.1736892151023098,-0.1872399486388029,0.0347139142743494,0.4162229535415017,57.54671152101768,2,0.5,-0.0317722738081552,-0.0095595795043542,0.0019191204824338,-0.099547120287372,0.4200989417960257,67.97471597871602,-0.0737256421159935,-0.1641296355979556,-0.1891590691212367,0.1342610345617215,-0.003875988254524,-10.428004457698336,0,0.4272121852860873,0.5727878147139127,HOU,0.5727878147139127,Model C - Efficiency,2026-09-23T15:34:16.964376
2026_03_NE_JAX,2026,REG,3,2026-09-27 00:00:00,Sunday,13:00,NE,,JAX,,Home,,,,2026092704,,,202609270jax,,401872957,7056.0,7,7,130.0,-155.0,3.0,-112.0,-108.0,45.5,-110.0,-110.0,0,outdoors,grass,,,00-0039851,00-0036971,Drake Maye,Trevor Lawrence,Mike Vrabel,Liam Coen,,JAX00,EverBank Stadium,2,0.5,0.1689037763564108,0.1554253919631806,0.3888147188604217,-0.0488555083680337,0.5009293544851514,57.42152337059223,2,0.5,0.0963438726644858,0.0885754053888379,0.1398928693804127,0.0608556339732778,0.4835049765181975,60.76101804076426,0.0725599036919249,0.0668499865743426,0.2489218494800089,-0.1097111423413115,0.0174243779669538,-3.339494670172037,0,0.6530289514178479,0.3469710485821521,JAX,0.6530289514178479,Model C - Efficiency,2026-09-23T15:34:16.964376
2026_03_KC_MIA,2026,REG,3,2026-09-27 00:00:00,Sunday,13:00,KC,,MIA,,Home,,,,2026092705,,,202609270mia,,401872952,7057.0,7,7,-900.0,600.0,-11.5,-108.0,-112.0,46.5,-110.0,-110.0,0,outdoors,grass,,,00-0033873,00-0038128,Patrick Mahomes,Malik Willis,Andy Reid,Jeff Hafley,,MIA00,Hard Rock Stadium,2,0.5,-0.1241630607154652,-0.1263036191393301,-0.1020947435600071,-0.1382404011006534,0.3911886940795779,53.164426954990034,2,0.5,-0.0218758864591028,0.1578552947274693,-0.1493473484410412,0.1073869802532337,0.3977895238956104,61.905575675515735,-0.1022871742563623,-0.2841589138667993,0.047252604881034,-0.2456273813538871,-0.0066008298160324,-8.7411487205257,0,0.3739546366940269,0.626045363305973,KC,0.626045363305973,Model C - Efficiency,2026-09-23T15:34:16.964376
2026_03_TEN_NYG,2026,REG,3,2026-09-27 00:00:00,Sunday,13:00,TEN,,NYG,,Home,,,,2026092706,,,202609270nyg,,401872956,7058.0,7,6,114.0,-135.0,2.5,100.0,-120.0,39.5,-110.0,-110.0,0,outdoors,fieldturf,,,00-0040676,00-0040691,Cam Ward,Jaxson Dart,Robert Saleh,John Harbaugh,,NYC01,MetLife Stadium,2,0.5,0.0916278828857517,-0.1000046117218639,0.1576218781413047,0.0285865306547495,0.4698519283666466,62.47883791096524,2,0.5,-0.1077792871699711,-0.119667315158564,-0.1927308593386692,0.0630820933671602,0.4025575680507002,54.95692563436092,0.1994071700557228,0.0196627034367,0.350352737479974,-0.0344955627124106,0.0672943603159463,7.5219122766043185,-1,0.7268510738573872,0.2731489261426127,NYG,0.7268510738573872,Model C - Efficiency,2026-09-23T15:34:16.964376
2026_03_CIN_PIT,2026,REG,3,2026-09-27 00:00:00,Sunday,13:00,CIN,,PIT,,Home,,,,2026092707,,,202609270pit,,401872950,7059.0,7,7,-192.0,160.0,-3.5,-115.0,-105.0,42.5,-110.0,-110.0,1,outdoors,grass,,,00-0036442,00-0023459,Joe Burrow,Aaron Rodgers,Zac Taylor,Mike McCarthy,,PIT00,Acrisure Stadium,2,0.5,-0.14602512915658,0.1220289188329168,-0.1708325132555995,-0.0960509451414623,0.3893218575565449,63.49554547639792,2,0.5,0.0173486838239076,0.1038230563034709,0.0039982213855987,0.0413014054169155,0.4656768152917384,63.58801871195614,-0.1633738129804877,0.0182058625294458,-0.1748307346411982,-0.1373523505583778,-0.0763549577351934,-0.0924732355582165,0,0.3763372110522811,0.6236627889477189,CIN,0.6236627889477189,Model C - Efficiency,2026-09-23T15:34:16.964376
2026_03_SEA_WAS,2026,REG,3,2026-09-27 00:00:00,Sunday,13:00,SEA,,WAS,,Home,,,,2026092708,,,202609270was,,401872955,7060.0,7,7,-298.0,240.0,-7.0,-108.0,-112.0,40.5,-118.0,-102.0,0,outdoors,grass,,,00-0035704,00-0039910,Drew Lock,Jayden Daniels,Mike Macdonald,Dan Quinn,,WAS00,Northwest Stadium,2,0.5,0.0269946694321673,-0.1164754095467092,0.052317187497349,0.0199685997914659,0.4450610004086317,61.21450880877471,2,0.5,0.0542867401624027,0.2136960024533241,0.1548733858165838,-0.0318181223066337,0.4424472309453711,57.37897339885701,-0.0272920707302354,-0.3301714120000333,-0.1025561983192347,0.0517867220980996,0.0026137694632606,3.835535409917696,0,0.3619997860788703,0.6380002139211296,SEA,0.6380002139211296,Model C - Efficiency,2026-09-23T15:34:16.964376
2026_03_ARI_SF,2026,REG,3,2026-09-27 00:00:00,Sunday,16:05,ARI,,SF,,Home,,,,2026092709,,,202609270sfo,,401872958,7061.0,7,7,370.0,-485.0,8.5,-115.0,-105.0,47.5,-105.0,-115.0,1,outdoors,grass,,,00-0033119,00-0037834,Jacoby Brissett,Brock Purdy,Jonathan Gannon,Kyle Shanahan,,SFO01,Levi's Stadium,2,0.5,0.1585178251425781,0.0409208710343079,0.2639723748637735,0.0821748010309375,0.5111778060335401,58.79970892161762,2,0.5,-0.0004104583407897,-0.0350534049874669,0.0406335070506624,-0.0606903610303963,0.430306653285581,60.43223741529251,0.1589282834833679,0.0759742760217749,0.2233388678131111,0.1428651620613338,0.080871152747959,-1.63252849367489,0,0.7649846932862269,0.2350153067137731,SF,0.7649846932862269,Model C - Efficiency,2026-09-23T15:34:16.964376
2026_03_MIN_TB,2026,REG,3,2026-09-27 00:00:00,Sunday,16:05,MIN,,TB,,Home,,,,2026092710,,,202609270tam,,401872959,7062.0,7,7,-120.0,100.0,-1.5,-110.0,-110.0,42.5,-108.0,-112.0,0,outdoors,grass,,,00-0035228,00-0034855,Kyler Murray,Baker Mayfield,Kevin O'Connell,Todd Bowles,,TAM00,Raymond James Stadium,2,0.5,-0.0848061841740209,-0.0307176229924255,-0.1119386723571629,-0.0110521608890644,0.4447854673103801,58.81523982166076,2,0.5,-0.0674110928341846,0.2164226003360563,-0.0930752793654626,-0.0374008101935251,0.3849301727128628,56.31938304088048,-0.0173950913398362,-0.2471402233284818,-0.0188633929917003,0.0263486493044607,0.0598552945975172,2.4958567807802794,0,0.5223464114280008,0.4776535885719992,TB,0.5223464114280008,Model C - Efficiency,2026-09-23T15:34:16.964376
2026_03_BAL_DAL,2026,REG,3,2026-09-27 00:00:00,Sunday,16:25,BAL,,DAL,,Neutral,,,,2026092711,,,202609270dal,,401872960,7063.0,7,7,-180.0,150.0,-3.5,-105.0,-115.0,52.5,-108.0,-112.0,0,,matrixturf,,,00-0034796,00-0033077,Lamar Jackson,Dak Prescott,Jesse Minter,Brian Schottenheimer,,RIO00,Maracana Stadium,2,0.5,0.1318541708519203,-0.2471329338768935,0.2144315794138221,-0.0133227425105609,0.4740218965784728,59.12636556302684,2,0.5,0.1979242645780227,0.0446220836079163,0.2268205841793656,0.1841235206935364,0.4923060523168696,57.35551986626021,-0.0660700937261024,-0.2917550174848099,-0.0123890047655434,-0.1974462632040973,-0.0182841557383968,1.770845696766628,0,0.3433964734942623,0.6566035265057377,BAL,0.6566035265057377,Model C - Efficiency,2026-09-23T15:34:16.964376
2026_03_LV_NO,2026,REG,3,2026-09-27 00:00:00,Sunday,16:25,LV,,NO,,Home,,,,2026092712,,,202609270nor,,401872961,7064.0,7,7,154.0,-185.0,3.0,102.0,-122.0,44.5,-118.0,-102.0,0,dome,sportturf,,,00-0029604,00-0040743,Kirk Cousins,Tyler Shough,Klint Kubliak,Kellen Moore,,NOR00,Caesars Superdome,2,0.5,0.0090895943370586,0.0728994033535878,0.0596439889991047,-0.0705902859683608,0.4218517667187023,71.21999921331995,2,0.5,-0.1728289136769839,0.1563146282899516,-0.1144086542929317,-0.2341807118754771,0.3647775505960936,58.269733546964126,0.1819185080140425,-0.0834152249363638,0.1740526432920364,0.1635904259071163,0.0570742161226086,12.950265666355826,0,0.6518503688008408,0.3481496311991592,NO,0.6518503688008408,Model C - Efficiency,2026-09-23T15:34:16.964376
2026_03_LA_DEN,2026,REG,3,2026-09-27 00:00:00,Sunday,20:20,LA,,DEN,,Home,,,,2026092713,,,202609270den,,401872962,7065.0,6,7,-142.0,120.0,-2.5,-115.0,-105.0,45.5,-110.0,-110.0,0,outdoors,grass,,,00-0026498,00-0039732,Matthew Stafford,Bo Nix,Sean McVay,Sean Payton,,DEN00,Empower Field at Mile High,2,0.5,-0.1054410160923128,0.0276810712702108,-0.1011881079958231,-0.0757694372943232,0.4231577222569508,56.18254796896145,2,0.5,0.0244090656390176,-0.0198908904559558,0.070179098862505,-0.0517542034282432,0.4900767910313459,61.499287560431135,-0.1298500817313304,0.0475719617261666,-0.1713672068583282,-0.0240152338660799,-0.066919068774395,-5.316739591469684,1,0.4231157042357072,0.5768842957642928,LA,0.5768842957642928,Model C - Efficiency,2026-09-23T15:34:16.964376
2026_03_PHI_CHI,2026,REG,3,2026-09-28 00:00:00,Monday,20:15,PHI,,CHI,,Home,,,,2026092800,,,202609280chi,,401872963,7066.0,8,8,-225.0,185.0,-4.5,-115.0,-105.0,41.5,-115.0,-105.0,0,outdoors,grass,,,00-0036389,00-0038416,Jalen Hurts,Tyson Bagent,Nick Sirianni,Ben Johnson,,CHI98,Soldier Field,2,0.5,0.1814400650149718,-0.0900038695296626,0.2016895472954821,0.1575795919033153,0.4715810486176588,65.76491458199368,2,0.5,0.0289776329802117,0.0298974604197376,0.0651045615253995,0.0150022119415262,0.3962670597501038,58.603321508933504,0.1524624320347601,-0.1199013299494002,0.1365849857700825,0.1425773799617891,0.0753139888675549,7.161593073060175,0,0.6555163497032452,0.3444836502967547,CHI,0.6555163497032452,Model C - Efficiency,2026-09-23T15:34:16.964376
2026_04_PIT_CLE,2026,REG,4,2026-10-01 00:00:00,Thursday,20:15,PIT,,CLE,,Home,,,,2026100100,,,202610010cle,,401872964,7067.0,4,4,-148.0,124.0,-2.5,-120.0,100.0,38.5,-115.0,-105.0,1,outdoors,grass,,,00-0023459,00-0033537,Aaron Rodgers,Deshaun Watson,Mike McCarthy,Todd Monken,,CLE00,Huntington Bank Field,3,0.75,-0.1215342193780552,-0.0565856338380628,-0.1551266311788399,-0.0928580991700384,0.4067454610881643,54.0754440113799,3,0.75,-0.120853494006528,0.0720523737176329,-0.1396238160055625,-0.0793126405242973,0.3953492111869051,61.66614008513774,-0.0006807253715271,-0.1286380075556958,-0.0155028151732773,-0.013545458645741,0.0113962499012592,-7.59069607375784,0,0.4959454017545114,0.5040545982454886,PIT,0.5040545982454886,Model C - Efficiency,2026-09-30T16:59:52.435750
2026_04_IND_WAS,2026,REG,4,2026-10-04 00:00:00,Sunday,09:30,IND,,WAS,,Neutral,,,,2026100400,,,202610040was,,401872965,7068.0,7,7,-185.0,154.0,-3.5,-108.0,-112.0,47.5,-112.0,-108.0,0,outdoors,grass,,,00-0035710,00-0039910,Daniel Jones,Jayden Daniels,Shane Steichen,Dan Quinn,,LON02,Tottenham Hotspur Stadium,3,0.75,0.0142193850546512,-0.0812848150167381,0.0761099111549231,-0.0437112008982744,0.419018050448294,63.45419317989756,3,0.75,-0.1137370035632488,-0.1513837520154238,-0.2091366646225943,0.0438337795651697,0.4192224501453328,59.94682514826394,0.1279563886179001,0.0700989369986856,0.2852465757775174,-0.0875449804634441,-0.0002043996970387,3.507368031633618,0,0.6335984610816815,0.3664015389183185,WAS,0.6335984610816815,Model C - Efficiency,2026-09-30T16:59:52.435750
2026_04_TEN_BAL,2026,REG,4,2026-10-04 00:00:00,Sunday,13:00,TEN,,BAL,,Home,,,,2026100401,,,202610040rav,,401872973,7069.0,7,7,525.0,-750.0,11.5,-112.0,-108.0,43.5,-110.0,-110.0,0,outdoors,grass,,,00-0040676,00-0034796,Cam Ward,Lamar Jackson,Robert Saleh,Jesse Minter,,BAL00,M&T Bank Stadium,3,0.75,0.2027298286384631,0.0371263823715463,0.3263495204382713,0.1367736870574866,0.5072847515758745,57.84102523925255,3,0.75,-0.1034047810970764,-0.0724884941419041,-0.1782134495856071,0.0459122312866072,0.4145875232030835,53.85601383758862,0.3061346097355396,0.1096148765134504,0.5045629700238785,0.0908614557708794,0.0926972283727909,3.985011401663933,0,0.8244597759418114,0.1755402240581886,BAL,0.8244597759418114,Model C - Efficiency,2026-09-30T16:59:52.435750
2026_04_NE_BUF,2026,REG,4,2026-10-04 00:00:00,Sunday,13:00,NE,,BUF,,Home,,,,2026100402,,,202610040buf,,401872971,7070.0,7,7,235.0,-290.0,6.5,-105.0,-115.0,48.5,-110.0,-110.0,1,outdoors,a_turf,,,00-0039851,00-0034857,Drake Maye,Josh Allen,Mike Vrabel,Sean McDermott,,BUF00,Highmark Stadium,3,0.75,0.1859585346059387,-0.0227031300908035,0.25433585241583,0.0670582970383925,0.476698084129919,59.53108255506303,3,0.75,-0.0340478536589171,0.009973076473409,-0.0611784200075716,0.0076012955067094,0.4392252086905549,61.07438657140254,0.2200063882648559,-0.0326762065642126,0.3155142724234017,0.059457001531683,0.0374728754393641,-1.543304016339512,0,0.662079800242554,0.337920199757446,BUF,0.662079800242554,Model C - Efficiency,2026-09-30T16:59:52.435750
2026_04_NYJ_CHI,2026,REG,4,2026-10-04 00:00:00,Sunday,13:00,NYJ,,CHI,,Home,,,,2026100403,,,202610040chi,,401872972,7071.0,7,6,145.0,-175.0,3.5,-118.0,-102.0,42.5,-102.0,-118.0,0,outdoors,grass,,,00-0030565,00-0028986,Geno Smith,Case Keenum,Aaron Glenn,Ben Johnson,,CHI98,Soldier Field,3,0.75,0.1839468129621923,-0.0105881925468773,0.2303027515281387,0.1361500268686017,0.4781492087671311,67.15796749507847,3,0.75,0.0110944374248494,-0.0279373242001842,0.1462950736606901,-0.1457606949778501,0.4376498384258012,61.76111453226977,0.1728523755373428,0.0173491316533069,0.0840076778674485,0.2819107218464518,0.0404993703413298,5.396852962808694,-1,0.662286915064343,0.337713084935657,CHI,0.662286915064343,Model C - Efficiency,2026-09-30T16:59:52.435750
2026_04_JAX_CIN,2026,REG,4,2026-10-04 00:00:00,Sunday,13:00,JAX,,CIN,,Home,,,,2026100404,,,202610040cin,,401872969,7072.0,7,7,124.0,-148.0,2.5,-105.0,-115.0,51.5,-118.0,-102.0,0,outdoors,fieldturf,,,00-0036971,00-0036442,Trevor Lawrence,Joe Burrow,Liam Coen,Zac Taylor,,CIN00,Paycor Stadium,3,0.75,0.0610130309169579,0.066911205254456,0.0684900862116269,0.0354974875574307,0.4722526661190027,61.18176445801888,3,0.75,0.1995487850533195,0.1593185541833865,0.401769659984288,0.0166364835210137,0.5182641353111187,56.659741277132845,-0.1385357541363616,-0.0924073489289305,-0.333279573772661,0.018861004036417,-0.046011469192116,4.522023180886038,0,0.3546749537226799,0.6453250462773201,JAX,0.6453250462773201,Model C - Efficiency,2026-09-30T16:59:52.435750
2026_04_DAL_HOU,2026,REG,4,2026-10-04 00:00:00,Sunday,13:00,DAL,,HOU,,Home,,,,2026100405,,,202610040htx,,401872967,7073.0,7,7,120.0,-142.0,2.5,-105.0,-115.0,48.5,-115.0,-105.0,0,,astroturf,,,00-0033077,00-0039163,Dak Prescott,C.J. Stroud,Brian Schottenheimer,DeMeco Ryans,,HOU00,Reliant Stadium,3,0.75,-0.0417739291165492,-0.0196966871032616,-0.0264952064150283,-0.0876183503473719,0.4201893307352426,66.01797023425597,3,0.75,0.1517124323255506,-0.2331350523162469,0.2498150593537392,-0.0120947132602725,0.4777444211655665,60.01216237335015,-0.1934863614420998,0.2134383652129852,-0.2763102657687676,-0.0755236370870993,-0.0575550904303238,6.0058078609058185,0,0.4993001568497768,0.5006998431502232,DAL,0.5006998431502232,Model C - Efficiency,2026-09-30T16:59:52.435750
2026_04_ARI_NYG,2026,REG,4,2026-10-04 00:00:00,Sunday,13:00,ARI,,NYG,,Home,,,,2026100406,,,202610040nyg,,401872966,7074.0,7,7,-130.0,110.0,-2.5,-108.0,-112.0,44.5,-112.0,-108.0,0,outdoors,fieldturf,,,00-0033119,00-0031503,Jacoby Brissett,Jameis Winston,Jonathan Gannon,John Harbaugh,,NYC01,MetLife Stadium,3,0.75,0.0611747645374007,-0.0872812195241969,0.1283830086830175,-1.3878368731738006e-05,0.4623451615273326,61.20880671058466,3,0.75,0.0388734450465876,-0.0835681676782143,0.0919041539513974,-0.0401808908504474,0.456946836368605,65.27734319744218,0.0223013194908131,-0.0037130518459826,0.0364788547316201,0.0401670124817156,0.0053983251587276,-4.068536486857518,0,0.5676478280725741,0.4323521719274259,NYG,0.5676478280725741,Model C - Efficiency,2026-09-30T16:59:52.435750
2026_04_LA_PHI,2026,REG,4,2026-10-04 00:00:00,Sunday,13:00,LA,,PHI,,Home,,,,2026100407,,,202610040phi,,401872970,7075.0,7,6,-162.0,136.0,-3.0,-108.0,-112.0,43.5,-120.0,100.0,0,outdoors,grass,,,00-0026498,00-0036389,Matthew Stafford,Jalen Hurts,Sean McVay,Nick Sirianni,,PHI00,Lincoln Financial Field,3,0.75,-0.0329399801979328,-0.023311562972921,-0.0942037700839936,0.0789302690239946,0.3896682998113953,55.658803611609606,3,0.75,-0.0151032496992695,-0.0099022910725993,-0.0009249090095153,-0.0397044739758092,0.4660843138830198,63.8925009230727,-0.0178367304986633,-0.0134092719003217,-0.0932788610744783,0.1186347429998038,-0.0764160140716245,-8.233697311463096,-1,0.3910957061556409,0.6089042938443592,LA,0.6089042938443592,Model C - Efficiency,2026-09-30T16:59:52.435750
2026_04_GB_TB,2026,REG,4,2026-10-04 00:00:00,Sunday,13:00,GB,,TB,,Home,,,,2026100408,,,202610040tam,,401872968,7076.0,10,7,-185.0,154.0,-3.5,-120.0,100.0,39.5,-102.0,-118.0,0,outdoors,grass,,,00-0036264,00-0041251,Jordan Love,Jalon Daniels,Matt LaFleur,Todd Bowles,,TAM00,Raymond James Stadium,3,0.75,-0.1448171544921994,0.0406951052846474,-0.1928329196814747,-0.0522173307432452,0.4069505285473405,58.59129338021813,3,0.75,-0.1009913058042596,-0.0701039405999042,-0.0333157601958903,-0.3211417275449893,0.3958603517324842,60.30165649682354,-0.0438258486879397,0.1107990458845516,-0.1595171594855844,0.268924396801744,0.0110901768148563,-1.7103631166054072,-3,0.6039256494742126,0.3960743505257874,TB,0.6039256494742126,Model C - Efficiency,2026-09-30T16:59:52.435750
2026_04_MIA_MIN,2026,REG,4,2026-10-04 00:00:00,Sunday,16:05,MIA,,MIN,,Home,,,,2026100409,,,202610040min,,401872974,7077.0,7,7,455.0,-625.0,10.5,-112.0,-108.0,38.5,-110.0,-110.0,0,dome,sportturf,,,00-0038128,00-0035228,Malik Willis,Kyler Murray,Jeff Hafley,Kevin O'Connell,,MIN01,U.S. Bank Stadium,3,0.75,-0.1005634654766857,0.2068158241309113,-0.1219205849535605,-0.0652380606187283,0.3429645465411216,56.14948743880759,3,0.75,-0.1426812077287679,-0.1223440200518879,-0.1205346024966802,-0.1528944139341096,0.3624756837962399,55.71486653871951,0.0421177422520821,0.3291598441827992,-0.0013859824568802,0.0876563533153813,-0.0195111372551183,0.4346209000880847,0,0.6904349648703657,0.3095650351296343,MIN,0.6904349648703657,Model C - Efficiency,2026-09-30T16:59:52.435750
2026_04_KC_LV,2026,REG,4,2026-10-04 00:00:00,Sunday,16:25,KC,,LV,,Home,,,,2026100410,,,202610040rai,,401872976,7078.0,7,7,-225.0,185.0,-4.5,-112.0,-108.0,47.5,-105.0,-115.0,1,dome,grass,,,00-0033873,00-0029604,Patrick Mahomes,Kirk Cousins,Andy Reid,Klint Kubliak,,VEG00,Allegiant Stadium,3,0.75,-0.0796767302776306,0.1615203086002767,0.0118454179080071,-0.1905316185728444,0.3889654849292677,60.34915248776778,3,0.75,0.0709027685249973,0.168868458144918,0.0468842007729327,0.088184944887028,0.4436969410612088,60.8813592663293,-0.150579498802628,-0.0073481495446413,-0.0350387828649256,-0.2787165634598724,-0.0547314561319411,-0.5322067785615161,0,0.415865890077507,0.584134109922493,KC,0.584134109922493,Model C - Efficiency,2026-09-30T16:59:52.435750
2026_04_LAC_SEA,2026,REG,4,2026-10-04 00:00:00,Sunday,16:25,LAC,,SEA,,Home,,,,2026100411,,,202610040sea,,401872977,7079.0,7,7,300.0,-380.0,7.0,-105.0,-115.0,42.5,-102.0,-118.0,0,outdoors,fieldturf,,,00-0036355,00-0035704,Justin Herbert,Drew Lock,Jim Harbaugh,Mike Macdonald,,SEA00,Lumen Field,3,0.75,0.0414936142974027,0.1728848350368878,0.1836871277285348,-0.1379161278460836,0.4486378901695442,57.46499690351014,3,0.75,-0.1811555690369826,-0.0015269177878469,-0.1534514887909889,-0.182378480021512,0.4005410543734965,58.44739019103017,0.2226491833343853,0.1744117528247348,0.3371386165195237,0.0444623521754283,0.0480968357960477,-0.9823932875200329,0,0.7709040522153259,0.2290959477846741,SEA,0.7709040522153259,Model C - Efficiency,2026-09-30T16:59:52.435750
2026_04_DEN_SF,2026,REG,4,2026-10-04 00:00:00,Sunday,16:25,DEN,,SF,,Home,,,,2026100412,,,202610040sfo,,401872975,7080.0,7,7,124.0,-148.0,3.0,-120.0,100.0,47.5,-110.0,-110.0,0,outdoors,grass,,,00-0039732,00-0037834,Bo Nix,Brock Purdy,Sean Payton,Kyle Shanahan,,SFO01,Levi's Stadium,3,0.75,0.2582488700801176,0.0383384926584148,0.4295072444626029,0.0909111395432339,0.539729154862189,56.79781364448228,3,0.75,-0.1142249075103374,-0.0188584961498541,-0.1263240122814055,-0.0580870909149934,0.409308243404327,55.3361719436644,0.3724737775904549,0.0571969888082689,0.5558312567440085,0.1489982304582274,0.1304209114578619,1.4616417008178857,0,0.8542428298400639,0.145757170159936,SF,0.8542428298400639,Model C - Efficiency,2026-09-30T16:59:52.435750
2026_04_DET_CAR,2026,REG,4,2026-10-04 00:00:00,Sunday,20:20,DET,,CAR,,Home,,,,2026100413,,,202610040car,,401872978,7081.0,7,7,-180.0,150.0,-3.5,-112.0,-108.0,51.5,-118.0,-102.0,0,outdoors,grass,,,00-0033106,00-0039150,Jared Goff,Bryce Young,Dan Campbell,Dave Canales,,CAR00,Bank of America Stadium,3,0.75,0.0423646782684667,-0.0902973202097221,0.1044859628112015,-0.0805391908699677,0.429583569178773,61.61836941698855,3,0.75,0.0792442597401285,-0.0755090655406775,0.1807881481070181,-0.0872047667272675,0.4841169456773153,67.08859335935392,-0.0368795814716617,-0.0147882546690446,-0.0763021852958166,0.0066655758572998,-0.0545333764985422,-5.470223942365372,0,0.4279869459638766,0.5720130540361233,DET,0.5720130540361233,Model C - Efficiency,2026-09-30T16:59:52.435750
2026_04_ATL_NO,2026,REG,4,2026-10-05 00:00:00,Monday,20:15,ATL,,NO,,Home,,,,2026100500,,,202610050nor,,401872979,7082.0,11,8,124.0,-148.0,2.5,-102.0,-118.0,47.5,-108.0,-112.0,1,dome,sportturf,,,00-0039917,00-0040743,Michael Penix Jr.,Tyler Shough,Raheem Morris,Kellen Moore,,NOR00,Caesars Superdome,3,0.75,-0.0034575721686153,0.0042782189085545,0.0160780506380056,-0.0344577382740644,0.4494166284946146,73.81408123931303,3,0.75,-0.1339134388163826,0.1010830397206652,-0.2549560987129071,-0.0274304667870518,0.4428115420898332,61.11074909702679,0.1304558666477673,-0.0968048208121107,0.2710341493509127,-0.0070272714870125,0.0066050864047814,12.703332142286236,-3,0.5465988764390037,0.4534011235609962,NO,0.5465988764390037,Model C - Efficiency,2026-09-30T16:59:52.435750
2026_05_TB_DAL,2026,REG,5,2026-10-08 00:00:00,Thursday,20:15,TB,,DAL,,Home,,,,2026100800,,,202610080dal,,401872980,7083.0,4,4,360.0,-470.0,8.5,-105.0,-115.0,47.5,-105.0,-115.0,0,,matrixturf,,,00-0041251,00-0033077,Jalon Daniels,Dak Prescott,Todd Bowles,Brian Schottenheimer,,DAL00,AT&T Stadium,4,1.0,0.17567980578409523,-0.2397527588037685,0.2773803703856756,0.003354681481727473,0.47080042313478154,62.373177842565596,4,1.0,-0.14974938842861782,0.047798428445556304,-0.23850420413035417,-0.027296610006314885,0.40859815539874633,58.113702623906704,0.32542919421271305,-0.2875511872493248,0.5158845745160298,0.030651291488042357,0.06220226773603521,4.259475218658892,0,0.6100983774147368,0.3899016225852632,DAL,0.6100983774147368,Model C - Efficiency,2026-10-07T17:57:51.212308
2026_05_PHI_JAX,2026,REG,5,2026-10-11 00:00:00,Sunday,09:30,PHI,,JAX,,Home,,,,2026101100,,,202610110jax,,401872981,7084.0,7,7,280.0,-355.0,7.0,-105.0,-115.0,42.5,-115.0,-105.0,0,outdoors,grass,,,00-0036389,00-0036971,Jalen Hurts,Trevor Lawrence,Nick Sirianni,Liam Coen,,JAX00,Tottenham Hotspur Stadium,4,1.0,0.2184869168954321,0.08743883370235156,0.4179786101390255,0.04655717330082959,0.5114035048313845,54.516034985422735,4,1.0,-0.11245041895163821,-0.06855760118321234,-0.1732233985832153,-0.01716610410996422,0.3634339841516036,55.24489795918367,0.3309373358470703,0.15599643488556392,0.5912020087222408,0.06372327741079381,0.14796952067978092,-0.7288629737609327,0,0.8919259065029971,0.10807409349700292,JAX,0.8919259065029971,Model C - Efficiency,2026-10-07T17:57:51.212308
2026_05_CHI_GB,2026,REG,5,2026-10-11 00:00:00,Sunday,13:00,CHI,,GB,,Home,,,,2026101110,,,202610110gnb,,401872990,7094.0,7,7,-148.0,124.0,-2.5,-115.0,-105.0,45.5,-108.0,-112.0,1,outdoors,grass,,,00-0038416,00-0036264,Tyson Bagent,Jordan Love,Ben Johnson,Matt LaFleur,,GNB00,Lambeau Field,4,1.0,-0.088102144251395,-0.0342989290694774,0.04345795030826864,-0.3595773865497859,0.4009213110644728,59.4198250728863,4,1.0,0.1665728538004174,0.04633327724844524,0.2578624819858536,0.09167308395925987,0.5009764528216686,73.8134110787172,-0.2546749980518124,-0.08063220631792264,-0.21440453167758494,-0.45125047050904576,-0.10005514175719576,-14.393586005830898,0,0.26269333011392654,0.7373066698860735,CHI,0.7373066698860735,Model C - Efficiency,2026-10-07T17:57:51.212308
2026_05_CIN_MIA,2026,REG,5,2026-10-11 00:00:00,Sunday,13:00,CIN,,MIA,,Home,,,,2026101101,,,202610110mia,,401872982,7085.0,7,7,-340.0,270.0,-6.5,-115.0,-105.0,42.5,-110.0,-110.0,0,outdoors,grass,,,00-0036442,00-0038128,Joe Burrow,Malik Willis,Zac Taylor,Jeff Hafley,,MIA00,Hard Rock Stadium,4,1.0,-0.175207768642128,-0.06763834763619073,-0.2906576857651406,-0.037336438276590875,0.3450835834000187,50.62973760932944,4,1.0,0.05648108245634392,0.008015038310560538,0.0875784243199812,-0.06258492969854214,0.4614702014269449,62.76384839650146,-0.23168885109847193,-0.07565338594675126,-0.3782361100851218,0.025248491421951264,-0.11638661802692618,-12.13411078717202,0,0.24816507634228324,0.7518349236577168,CIN,0.7518349236577168,Model C - Efficiency,2026-10-07T17:57:51.212308
2026_05_LV_NE,2026,REG,5,2026-10-11 00:00:00,Sunday,13:00,LV,,NE,,Home,,,,2026101102,,,202610110nwe,,401872986,7086.0,7,7,164.0,-198.0,3.5,-110.0,-110.0,45.5,-115.0,-105.0,0,outdoors,fieldturf,,,00-0029604,00-0039851,Kirk Cousins,Drake Maye,Klint Kubliak,Mike Vrabel,,BOS00,Gillette Stadium,4,1.0,-0.04708567967273015,-0.04805615193378662,-0.0802997116623193,-0.008498765081085512,0.43397906426252086,64.66763848396502,4,1.0,0.006803099625864555,0.10002300444386594,0.13696112930798354,-0.1821134600754465,0.43145411360032737,66.20408163265306,-0.0538887792985947,-0.14807915637765257,-0.21726084097030285,0.17361469499436097,0.0025249506621934925,-1.5364431486880363,0,0.4450546883931488,0.5549453116068512,LV,0.5549453116068512,Model C - Efficiency,2026-10-07T17:57:51.212308
2026_05_MIN_NO,2026,REG,5,2026-10-11 00:00:00,Sunday,13:00,MIN,,NO,,Home,,,,2026101103,,,202610110nor,,401872987,7087.0,7,6,-125.0,105.0,-1.5,-112.0,-108.0,42.5,-112.0,-108.0,0,dome,sportturf,,,00-0035228,00-0040743,Kyler Murray,Tyler Shough,Kevin O'Connell,Kellen Moore,,NOR00,Caesars Superdome,4,1.0,-0.02358222533757732,-0.15888769811267384,0.008082211381120762,-0.09985198422355894,0.43266980885955425,75.07871720116617,4,1.0,-0.08570585154493726,0.19042918043993307,-0.07175376664235152,-0.09065151901744126,0.3383424860723223,59.87463556851313,0.06212362620735994,-0.3493168785526069,0.07983597802347228,-0.009200465206117683,0.09432732278723194,15.204081632653043,-1,0.5408491397209629,0.45915086027903707,NO,0.5408491397209629,Model C - Efficiency,2026-10-07T17:57:51.212308
2026_05_CLE_NYJ,2026,REG,5,2026-10-11 00:00:00,Sunday,13:00,CLE,,NYJ,,Home,,,,2026101104,,,202610110nyj,,401872983,7088.0,10,7,110.0,-130.0,2.5,-112.0,-108.0,39.5,-102.0,-118.0,0,outdoors,fieldturf,,,00-0033537,00-0030565,Deshaun Watson,Geno Smith,Todd Monken,Aaron Glenn,,NYC01,MetLife Stadium,4,1.0,0.026123925242793666,0.01995919149449756,0.13577227187243765,-0.10337751001617486,0.4476641595605378,54.21574344023324,4,1.0,-0.04191948681399564,-0.09626735279196837,0.0023052770056190552,-0.11762947953326003,0.44068504603291414,55.37900874635568,0.0680434120567893,0.11622654428646592,0.1334669948668186,0.01425196951708517,0.006979113527623648,-1.1632653061224403,-3,0.634395544971686,0.36560445502831396,NYJ,0.634395544971686,Model C - Efficiency,2026-10-07T17:57:51.212308
2026_05_IND_PIT,2026,REG,5,2026-10-11 00:00:00,Sunday,13:00,IND,,PIT,,Home,,,,2026101105,,,202610110pit,,401872985,7089.0,7,10,124.0,-148.0,2.5,-105.0,-115.0,44.5,-108.0,-112.0,0,outdoors,grass,,,00-0035710,00-0023459,Daniel Jones,Aaron Rodgers,Shane Steichen,Mike McCarthy,,PIT00,Acrisure Stadium,4,1.0,-0.10104894968204052,0.04148978111928761,-0.12541412093258444,-0.046563699978781604,0.4064741282961823,62.28279883381924,4,1.0,-0.1131311285192785,-0.060333849539243756,-0.28159881359083516,0.13441633550067733,0.4245819695572264,61.27405247813411,0.012082178837237986,0.10182363065853137,0.15618469265825072,-0.18098003547945893,-0.01810784126104409,1.0087463556851333,3,0.6020508230087064,0.3979491769912936,PIT,0.6020508230087064,Model C - Efficiency,2026-10-07T17:57:51.212308
2026_05_HOU_TEN,2026,REG,5,2026-10-11 00:00:00,Sunday,13:00,HOU,,TEN,,Home,,,,2026101106,,,202610110oti,,401872984,7090.0,7,7,-375.0,295.0,-7.5,-110.0,-110.0,37.5,-112.0,-108.0,1,outdoors,grass,,,00-0039163,00-0040676,C.J. Stroud,Cam Ward,DeMeco Ryans,Robert Saleh,,NAS00,Nissan Stadium,4,1.0,-0.10135761488486164,-0.0908010090525008,-0.13866858832437695,-0.015867367243853243,0.41539085523911334,53.781341107871725,4,1.0,0.038228678122142444,-0.08797504511823784,0.10718784139633666,-0.09980770673870121,0.4388631950874901,62.37609329446065,-0.1395862930070041,-0.0028259639342629594,-0.24585642972071362,0.08394033949484797,-0.023472339848376766,-8.594752186588927,0,0.46331579941084444,0.5366842005891556,HOU,0.5366842005891556,Model C - Efficiency,2026-10-07T17:57:51.212308
2026_05_NYG_WAS,2026,REG,5,2026-10-11 00:00:00,Sunday,13:00,NYG,,WAS,,Home,,,,2026101107,,,202610110was,,401872988,7091.0,7,7,150.0,-180.0,3.5,-115.0,-105.0,43.5,-112.0,-108.0,1,outdoors,grass,,,00-0031503,00-0039910,Jameis Winston,Jayden Daniels,John Harbaugh,Dan Quinn,,WAS00,Northwest Stadium,4,1.0,-0.05583013965069547,-0.02491616287773144,-0.0008707641566329805,-0.11819219261498157,0.37380657577209403,64.83381924198251,4,1.0,0.02482843829483582,-0.02131760466088374,0.16483258488021035,-0.11169512320496391,0.4278863516242678,61.33819241982508,-0.08065857794553129,-0.0035985582168477012,-0.16570334903684333,-0.006497069410017653,-0.05407977585217377,3.4956268221574334,0,0.4161995596909013,0.5838004403090987,NYG,0.5838004403090987,Model C - Efficiency,2026-10-07T17:57:51.212308
2026_05_DEN_LAC,2026,REG,5,2026-10-11 00:00:00,Sunday,16:05,DEN,,LAC,,Home,,,,2026101108,,,202610110sdg,,401872989,7092.0,7,7,-185.0,154.0,-3.5,-110.0,-110.0,42.5,-110.0,-110.0,1,dome,matrixturf,,,00-0039732,00-0036355,Bo Nix,Justin Herbert,Sean Payton,Jim Harbaugh,,LAX01,SoFi Stadium,4,1.0,-0.16589720065917513,-0.008959395838259814,-0.175215742240381,-0.15163913363763623,0.40374871146615327,60.113702623906704,4,1.0,-0.08328530318892345,-0.09015647565839637,-0.09796148326312856,-0.027757176126080998,0.4026450773536344,56.15160349854227,-0.08261189747025167,0.08119707982013655,-0.07725425897725244,-0.12388195751155523,0.0011036341125188476,3.962099125364432,0,0.5693006586327544,0.43069934136724564,LAC,0.5693006586327544,Model C - Efficiency,2026-10-07T17:57:51.212308
2026_05_DET_ARI,2026,REG,5,2026-10-11 00:00:00,Sunday,16:25,DET,,ARI,,Home,,,,2026101109,,,202610110crd,,401872991,7093.0,7,7,-258.0,210.0,-5.5,-110.0,-110.0,54.5,-105.0,-115.0,0,,grass,,,00-0033106,00-0033119,Jared Goff,Jacoby Brissett,Dan Campbell,Jonathan Gannon,,PHO00,State Farm Stadium,4,1.0,-0.03183707297443481,-0.00716024051390983,-0.05006612897202603,-0.00659591189854359,0.4627761086373672,66.32361516034985,4,1.0,0.12331210678661615,-0.15422128739242882,0.2104756570939027,-0.04700888475080555,0.4873208799964655,67.72303206997084,-0.15514917976105097,0.147061046878519,-0.2605417860659287,0.04041297285226196,-0.024544771359098327,-1.3994169096209959,0,0.5362379810975776,0.4637620189024224,ARI,0.5362379810975776,Model C - Efficiency,2026-10-07T17:57:51.212308
2026_05_SF_SEA,2026,REG,5,2026-10-11 00:00:00,Sunday,16:25,SF,,SEA,,Home,,,,2026101111,,,202610110sea,,401872992,7095.0,7,7,130.0,-155.0,2.5,102.0,-122.0,45.5,-105.0,-115.0,1,outdoors,fieldturf,,,00-0037834,00-0035704,Brock Purdy,Drew Lock,Kyle Shanahan,Mike Macdonald,,SEA00,Lumen Field,4,1.0,0.00867822820584609,0.1280261879976173,0.11115899533664386,-0.13663228294308874,0.42905610277500283,55.95626822157434,4,1.0,0.2664787484615072,0.03679891883403805,0.4594737504198514,0.074610365170599,0.5436013384665563,57.88921282798833,-0.25780052025566114,0.09122726916357926,-0.34831475508320753,-0.21124264811368776,-0.1145452356915535,-1.9329446064139901,0,0.31255826386418684,0.6874417361358132,SF,0.6874417361358132,Model C - Efficiency,2026-10-07T17:57:51.212308
2026_05_BAL_ATL,2026,REG,5,2026-10-11 00:00:00,Sunday,20:20,BAL,,ATL,,Home,,,,2026101112,,,202610110atl,,401872993,7096.0,7,6,150.0,-180.0,3.5,-115.0,-105.0,43.5,-105.0,-115.0,0,,fieldturf,,,00-0034796,00-0039917,Lamar Jackson,Michael Penix Jr.,Jesse Minter,Raheem Morris,,ATL97,Mercedes-Benz Stadium,4,1.0,0.0019810642422304903,0.107727415557688,-0.10574846660756701,0.10752481035943015,0.494055116912901,59.233236151603506,4,1.0,0.2088699578890289,0.08412641368883428,0.38434872774760137,0.07699113885181669,0.5029289285601979,58.57725947521865,-0.2068888936467984,0.02360100186885372,-0.4900971943551684,0.030533671507613463,-0.008873811647296892,0.6559766763848529,-1,0.4458073336688909,0.5541926663311091,BAL,0.5541926663311091,Model C - Efficiency,2026-10-07T17:57:51.212308
2026_05_BUF_LA,2026,REG,5,2026-10-12 00:00:00,Monday,20:15,BUF,,LA,,Home,,,,2026101200,,,202610120ram,,401872994,7097.0,8,8,136.0,-162.0,3.0,-115.0,-105.0,54.5,-102.0,-118.0,0,dome,matrixturf,,,00-0034857,00-0026498,Josh Allen,Matthew Stafford,Sean McDermott,Sean McVay,,LAX01,SoFi Stadium,4,1.0,-0.03445598965215388,0.0808448005305645,-0.05474186168319263,-0.0020076533588009315,0.4639212827988338,66.61224489795919,4,1.0,0.17105778280976028,-0.09902604310111088,0.2176718385726534,0.07787578672259506,0.4474304606957668,56.93877551020408,-0.20551377246191416,0.17987084363167538,-0.27241370025584605,-0.07988344008139599,0.016490822103067015,9.673469387755105,0,0.6142029278037576,0.3857970721962424,LA,0.6142029278037576,Model C - Efficiency,2026-10-07T17:57:51.212308
