season,week,game_id,team,off_epa,def_epa,pass_epa,rush_epa,success_rate,pace,offensive_plays,defensive_plays
2025,1,2025_01_ARI_NO,ARI,0.043989166043527976,0.04165398697715263,0.04484703899588642,0.04290888158500254,0.4098360655737705,61,61,67
2025,1,2025_01_ARI_NO,NO,-0.04165398697715263,-0.043989166043527976,-0.07984859336851573,0.03647134427790826,0.43283582089552236,67,67,61
2025,1,2025_01_BAL_BUF,BAL,0.3856986985481338,-0.2349865763823882,0.4189724084660335,0.3616039430903444,0.5,50,50,77
2025,1,2025_01_BAL_BUF,BUF,0.2349865763823882,-0.3856986985481338,0.29191143439752415,0.13536807485590024,0.4935064935064935,77,77,50
2025,1,2025_01_CAR_JAX,CAR,-0.2563797084211179,-0.15245799652321068,-0.4278524880928261,0.0008294610864444015,0.35,60,60,60
2025,1,2025_01_CAR_JAX,JAX,0.15245799652321068,0.2563797084211179,0.04852573403405384,0.25639025901236756,0.48333333333333334,60,60,60
2025,1,2025_01_CIN_CLE,CIN,-0.10886814770917332,0.051202136508424784,-0.012753566816483541,-0.21751941306612696,0.40816326530612246,49,49,71
2025,1,2025_01_CIN_CLE,CLE,-0.051202136508424784,0.10886814770917332,-0.0391942024729802,-0.07471767399450376,0.39436619718309857,71,71,49
2025,1,2025_01_DAL_PHI,DAL,0.035278117869239026,-0.1604501459603092,0.035861040830335714,0.034403733427593994,0.45454545454545453,55,55,59
2025,1,2025_01_DAL_PHI,PHI,0.1604501459603092,-0.035278117869239026,0.06628133483405026,0.22502304501831533,0.5084745762711864,59,59,55
2025,1,2025_01_DET_GB,DET,-0.0622777864609656,-0.19962787307459212,0.031962275764993685,-0.25524553292364416,0.421875,64,64,46
2025,1,2025_01_DET_GB,GB,0.19962787307459212,0.0622777864609656,0.45751337509230317,-0.03676717044164298,0.43478260869565216,46,46,64
2025,1,2025_01_HOU_LA,HOU,-0.13239190355484282,0.03839154758130793,-0.286607832490679,0.03895912859608623,0.3684210526315789,57,57,55
2025,1,2025_01_HOU_LA,LA,-0.03839154758130793,0.13239190355484282,0.06178695518792665,-0.1777703340428517,0.41818181818181815,55,55,57
2025,1,2025_01_KC_LAC,KC,0.21523830751852047,-0.3200720840759058,0.08725319262866171,0.5239082904881798,0.46551724137931033,58,58,59
2025,1,2025_01_KC_LAC,LAC,0.3200720840759058,-0.21523830751852047,0.47479086920147634,0.05986321818290074,0.576271186440678,59,59,58
2025,1,2025_01_LV_NE,LV,0.11466681462113602,0.06607576636094871,0.3850758529911169,-0.320339029713181,0.43333333333333335,60,60,68
2025,1,2025_01_LV_NE,NE,-0.06607576636094871,-0.11466681462113602,-0.006512648858278949,-0.23152887053503138,0.4117647058823529,68,68,60
2025,1,2025_01_MIA_IND,IND,0.2645682559748231,0.25682406793280127,0.4332571117027661,0.13805161417886577,0.5285714285714286,70,70,47
2025,1,2025_01_MIA_IND,MIA,-0.25682406793280127,-0.2645682559748231,-0.46121626345348943,0.3393198356692058,0.425531914893617,47,47,70
2025,1,2025_01_MIN_CHI,CHI,-0.07139121302123265,0.17688631513317526,-0.18996852200493547,0.09735341899403675,0.38095238095238093,63,63,51
2025,1,2025_01_MIN_CHI,MIN,-0.17688631513317526,0.07139121302123265,-0.39265163595978003,0.030580339507790856,0.4117647058823529,51,51,63
2025,1,2025_01_NYG_WAS,NYG,-0.24112420517436706,-0.18565548716146768,-0.2921496548917946,-0.1546027904361203,0.3387096774193548,62,62,62
2025,1,2025_01_NYG_WAS,WAS,0.18565548716146768,0.24112420517436706,0.041356290792905245,0.3498580209601767,0.532258064516129,62,62,62
2025,1,2025_01_PIT_NYJ,NYJ,0.21197511287386875,-0.17033562458164134,0.41891409265190793,0.08781172500704526,0.5,64,64,53
2025,1,2025_01_PIT_NYJ,PIT,0.17033562458164134,-0.21197511287386875,0.30013986028333556,-0.06194563930560099,0.41509433962264153,53,53,64
2025,1,2025_01_SF_SEA,SEA,-0.265391186094444,-0.11244347842868568,-0.43611874971171355,-0.11436295674070562,0.46938775510204084,49,49,70
2025,1,2025_01_SF_SEA,SF,0.11244347842868568,0.265391186094444,0.3702745599243923,-0.1605541372726507,0.5,70,70,49
2025,1,2025_01_TB_ATL,ATL,0.0551085821851325,-0.11404061733898174,0.2238161676118511,-0.21357386867964157,0.44285714285714284,70,70,55
2025,1,2025_01_TB_ATL,TB,0.11404061733898174,-0.0551085821851325,0.17473437586652327,0.022999979547669434,0.36363636363636365,55,55,70
2025,1,2025_01_TEN_DEN,DEN,-0.14790463857146785,0.4102946305332314,-0.186726018072547,-0.09105904715917339,0.391304347826087,69,69,55
2025,1,2025_01_TEN_DEN,TEN,-0.4102946305332314,0.14790463857146785,-0.39380760055258246,-0.4369879171685676,0.23636363636363636,55,55,69
2025,2,2025_02_ATL_MIN,ATL,-0.02861152864905705,0.45022468701221624,-0.3957658054988698,0.2032753830455615,0.43548387096774194,62,62,46
2025,2,2025_02_ATL_MIN,MIN,-0.45022468701221624,0.02861152864905705,-0.6654280477944005,-0.1444093848480598,0.41304347826086957,46,46,62
2025,2,2025_02_BUF_NYJ,BUF,0.19778235719753628,0.2953253710950093,0.009723984190551887,0.3327986249974225,0.4626865671641791,67,67,47
2025,2,2025_02_BUF_NYJ,NYJ,-0.2953253710950093,-0.19778235719753628,-0.15875413327683838,-0.4644135702984589,0.3404255319148936,47,47,67
2025,2,2025_02_CAR_ARI,ARI,0.12701131969957394,0.018261211651571223,0.23614491379286703,-0.008106463463550817,0.44680851063829785,47,47,78
2025,2,2025_02_CAR_ARI,CAR,-0.018261211651571223,-0.12701131969957394,0.05576263636677824,-0.23293037090478466,0.46153846153846156,78,78,47
2025,2,2025_02_CHI_DET,CHI,-0.16596288634355005,-0.4094902379067139,-0.0018706160599076364,-0.39083007154706,0.359375,64,64,58
2025,2,2025_02_CHI_DET,DET,0.4094902379067139,0.16596288634355005,0.8608364394316423,-0.011766216849886066,0.5517241379310345,58,58,64
2025,2,2025_02_CLE_BAL,BAL,0.12490885511974023,0.26294704133987706,0.2919594726954843,-0.17207002057047147,0.4,50,50,72
2025,2,2025_02_CLE_BAL,CLE,-0.26294704133987706,-0.12490885511974023,-0.4663303780902675,0.1992878149110104,0.375,72,72,50
2025,2,2025_02_DEN_IND,DEN,0.1918209873637272,-0.1501247065006962,0.27817811633061645,0.08387457615511569,0.46296296296296297,54,54,67
2025,2,2025_02_DEN_IND,IND,0.1501247065006962,-0.1918209873637272,0.31295389315991,-0.02796971640781895,0.4925373134328358,67,67,54
2025,2,2025_02_JAX_CIN,CIN,-0.0071659925196110716,-0.09293807758550672,-0.038087872669989226,0.08014284555204487,0.4307692307692308,65,65,70
2025,2,2025_02_JAX_CIN,JAX,0.09293807758550672,0.0071659925196110716,0.11640671051295809,0.05556210662697302,0.5,70,70,65
2025,2,2025_02_LAC_LV,LAC,-0.020255894486862876,0.3918832617330055,0.3506250142169619,-0.46840365917065113,0.4339622641509434,53,53,65
2025,2,2025_02_LAC_LV,LV,-0.3918832617330055,0.020255894486862876,-0.5014766986995558,-0.12655178276135734,0.3076923076923077,65,65,53
2025,2,2025_02_LA_TEN,LA,0.3434016010603085,0.12371082812978232,0.28764619381255774,0.42582263786133134,0.49122807017543857,57,57,64
2025,2,2025_02_LA_TEN,TEN,-0.12371082812978232,-0.3434016010603085,-0.1772098467423015,-0.0455199547730235,0.390625,64,64,57
2025,2,2025_02_NE_MIA,MIA,0.16988271840078065,-0.34392312032291567,0.26843593250532444,-0.07321520972376068,0.4807692307692308,52,52,53
2025,2,2025_02_NE_MIA,NE,0.34392312032291567,-0.16988271840078065,0.5765576980054108,0.11990463811014261,0.5094339622641509,53,53,52
2025,2,2025_02_NYG_DAL,DAL,0.1336964227637165,-0.221682736722675,0.183608866592401,0.03565412238594338,0.4578313253012048,83,83,65
2025,2,2025_02_NYG_DAL,NYG,0.221682736722675,-0.1336964227637165,0.38803276395567216,-0.12686017747979522,0.46153846153846156,65,65,83
2025,2,2025_02_PHI_KC,KC,-0.13529401133630306,0.004139964306438791,-0.23076017455879047,-0.021468970571029606,0.40350877192982454,57,57,56
2025,2,2025_02_PHI_KC,PHI,-0.004139964306438791,0.13529401133630306,-0.2024994190064867,0.14462962671859714,0.42857142857142855,56,56,57
2025,2,2025_02_SEA_PIT,PIT,-0.17684637534611305,-0.07425628441474218,-0.16593493723711297,-0.19659088240049416,0.3389830508474576,59,59,64
2025,2,2025_02_SEA_PIT,SEA,0.07425628441474218,0.17684637534611305,0.08154463132618991,0.06546000365954663,0.4375,64,64,59
2025,2,2025_02_SF_NO,NO,-0.07787490714871895,-0.047801000334729976,-0.2020829266349166,0.07531498355092481,0.43283582089552236,67,67,64
2025,2,2025_02_SF_NO,SF,0.047801000334729976,0.07787490714871895,0.07006626097513828,0.008110753106176044,0.484375,64,64,67
2025,2,2025_02_TB_HOU,HOU,-0.06539168863077052,-0.13463576223110796,-0.1600529505902105,0.0818591633061361,0.391304347826087,46,46,73
2025,2,2025_02_TB_HOU,TB,0.13463576223110796,0.06539168863077052,-0.014962445907788745,0.34905986056352656,0.5205479452054794,73,73,46
2025,2,2025_02_WAS_GB,GB,0.16102400712476647,0.16230371515731917,0.20189030939241615,0.11286015088075074,0.5081967213114754,61,61,65
2025,2,2025_02_WAS_GB,WAS,-0.16230371515731917,-0.16102400712476647,-0.1724789965553566,-0.13766882335154437,0.36923076923076925,65,65,61
2025,3,2025_03_ARI_SF,ARI,-0.011040268516559676,0.05528022227968054,-0.017183698861281953,-0.0031415723590596046,0.390625,64,64,60
2025,3,2025_03_ARI_SF,SF,-0.05528022227968054,0.011040268516559676,0.03870397809767784,-0.258088233620296,0.5166666666666667,60,60,64
2025,3,2025_03_ATL_CAR,ATL,-0.3391001895957404,0.008956547344796546,-0.5080961368412348,-0.023151244745468317,0.36363636363636365,66,66,54
2025,3,2025_03_ATL_CAR,CAR,-0.008956547344796546,0.3391001895957404,-0.09935179794461231,0.06897039282745843,0.48148148148148145,54,54,66
2025,3,2025_03_CIN_MIN,CIN,-0.7874375241005505,-0.12105881499350823,-1.0907409747357537,-0.3397038588771552,0.28846153846153844,52,52,58
2025,3,2025_03_CIN_MIN,MIN,0.12105881499350823,0.7874375241005505,0.20816918927140218,0.04518848900953608,0.5172413793103449,58,58,52
2025,3,2025_03_DAL_CHI,CHI,0.3017187412359374,0.039522151250425616,0.642127668879403,-0.05129792446839727,0.4909090909090909,55,55,68
2025,3,2025_03_DAL_CHI,DAL,-0.039522151250425616,-0.3017187412359374,-0.054637200281498176,-0.0032460335758514704,0.4852941176470588,68,68,55
2025,3,2025_03_DEN_LAC,DEN,-0.04619461549997296,0.03864487916748578,-0.056501195362569805,-0.03228073268546723,0.2765957446808511,47,47,80
2025,3,2025_03_DEN_LAC,LAC,-0.03864487916748578,0.04619461549997296,-0.04605735568412293,-0.024878851350873928,0.4,80,80,47
2025,3,2025_03_DET_BAL,BAL,0.06822748655965248,-0.39179975683166285,0.29343784001868845,-0.3584868673627314,0.4727272727272727,55,55,65
2025,3,2025_03_DET_BAL,DET,0.39179975683166285,-0.06822748655965248,0.508923798444892,0.3031653469621921,0.5846153846153846,65,65,55
2025,3,2025_03_GB_CLE,CLE,-0.15162070701623168,0.07903598365834229,-0.24796223431322106,0.03599174087790552,0.2857142857142857,56,56,60
2025,3,2025_03_GB_CLE,GB,-0.07903598365834229,0.15162070701623168,-0.031409574032648165,-0.1266623932840364,0.36666666666666664,60,60,56
2025,3,2025_03_HOU_JAX,HOU,-0.20688742736184204,0.16326414124613386,-0.21564663900774766,-0.18790913546237992,0.3157894736842105,57,57,65
2025,3,2025_03_HOU_JAX,JAX,-0.16326414124613386,0.20688742736184204,-0.22729537592318533,-0.046337538792387736,0.36923076923076925,65,65,57
2025,3,2025_03_IND_TEN,IND,0.3936531533492063,0.1724556131271189,0.43274560588944694,0.3545607008089657,0.56,50,50,65
2025,3,2025_03_IND_TEN,TEN,-0.1724556131271189,-0.3936531533492063,-0.29820025919592485,0.0571650449115702,0.4461538461538462,65,65,50
2025,3,2025_03_KC_NYG,KC,0.15135256593116517,0.2496859000924146,0.21104633617177512,0.058230284355813636,0.5,64,64,61
2025,3,2025_03_KC_NYG,NYG,-0.2496859000924146,-0.15135256593116517,-0.4355392627921366,-0.015648332248320223,0.3770491803278688,61,61,64
2025,3,2025_03_LA_PHI,LA,-0.034832609048073275,-0.01663911148849579,-0.07291448547078606,0.006934610254256894,0.49230769230769234,65,65,63
2025,3,2025_03_LA_PHI,PHI,0.01663911148849579,0.034832609048073275,-0.0057188799872969235,0.048456253204046965,0.4126984126984127,63,63,65
2025,3,2025_03_LV_WAS,LV,0.0449941284564411,-0.2802268965676274,0.34973450475830054,-0.32279598087338923,0.359375,64,64,53
2025,3,2025_03_LV_WAS,WAS,0.2802268965676274,-0.0449941284564411,0.5162145312655599,0.12536001129710916,0.49056603773584906,53,53,64
2025,3,2025_03_MIA_BUF,BUF,0.2772775162637864,-0.05354211520170793,0.354984071982871,0.19093689879813683,0.543859649122807,57,57,59
2025,3,2025_03_MIA_BUF,MIA,0.05354211520170793,-0.2772775162637864,0.004336495231494636,0.120461758361198,0.4067796610169492,59,59,57
2025,3,2025_03_NO_SEA,NO,-0.11915033467639927,-0.1411826581750243,-0.007707015994217528,-0.29663413850357756,0.42857142857142855,70,70,53
2025,3,2025_03_NO_SEA,SEA,0.1411826581750243,0.11915033467639927,0.765429157115963,-0.2684791067549668,0.4528301886792453,53,53,70
2025,3,2025_03_NYJ_TB,NYJ,-0.1851099196315639,-0.017624620730731618,-0.19880277320460865,-0.16083622466116634,0.4426229508196721,61,61,63
2025,3,2025_03_NYJ_TB,TB,0.017624620730731618,0.1851099196315639,0.2756340785645021,-0.2169294318454234,0.3333333333333333,63,63,61
2025,3,2025_03_PIT_NE,NE,-0.15746352048861323,0.05209427356084748,0.033640928404998875,-0.43423548095522385,0.4647887323943662,71,71,46
2025,3,2025_03_PIT_NE,PIT,-0.05209427356084748,0.15746352048861323,0.008408910840365064,-0.11259745796206003,0.5,46,46,71
2025,4,2025_04_BAL_KC,BAL,-0.06252122664137569,-0.2306042405934028,-0.307471222468737,0.4561964115812717,0.4528301886792453,53,53,68
2025,4,2025_04_BAL_KC,KC,0.2306042405934028,0.06252122664137569,0.4260252202398136,-0.016929000292050963,0.4411764705882353,68,68,53
2025,4,2025_04_CAR_NE,CAR,-0.024340105037695424,-0.39204877451993525,0.026415213782523185,-0.09140963347869858,0.49230769230769234,65,65,45
2025,4,2025_04_CAR_NE,NE,0.39204877451993525,0.024340105037695424,0.9695265139345889,-0.029954188898465454,0.4222222222222222,45,45,65
2025,4,2025_04_CHI_LV,CHI,-0.12057133318733107,0.19576072275759035,-0.02874251326415245,-0.26382429226748977,0.421875,64,64,51
2025,4,2025_04_CHI_LV,LV,-0.19576072275759035,0.12057133318733107,-0.48010917618758936,-0.012310107641461988,0.5294117647058824,51,51,64
2025,4,2025_04_CIN_DEN,CIN,-0.25636486359050425,-0.22374861138304333,-0.36980991427859916,-0.02947476221431446,0.35714285714285715,42,42,77
2025,4,2025_04_CIN_DEN,DEN,0.22374861138304333,0.25636486359050425,0.3161856237635393,0.11282419652644811,0.5064935064935064,77,77,42
2025,4,2025_04_CLE_DET,CLE,-0.36304271292973606,0.12780117351946355,-0.5568501037649497,-0.07978575709365451,0.28125,64,64,54
2025,4,2025_04_CLE_DET,DET,-0.12780117351946355,0.36304271292973606,-0.03785590172371833,-0.21774644531520876,0.3888888888888889,54,54,64
2025,4,2025_04_GB_DAL,DAL,0.3580656074350035,-0.34132966512021595,0.5470947168474021,0.05998124259237487,0.5522388059701493,67,67,78
2025,4,2025_04_GB_DAL,GB,0.34132966512021595,-0.3580656074350035,0.4875221430701565,0.1521393995379399,0.5512820512820513,78,78,67
2025,4,2025_04_IND_LA,IND,-0.09276769388046624,-0.08156422649490969,-0.10325084947844665,-0.07442217158400055,0.45454545454545453,55,55,67
2025,4,2025_04_IND_LA,LA,0.08156422649490969,0.09276769388046624,0.3360535830933413,-0.374395870743947,0.5373134328358209,67,67,55
2025,4,2025_04_JAX_SF,JAX,0.07789484320528943,0.06949312499371713,0.17254206264343439,-0.02327977067686553,0.4666666666666667,60,60,64
2025,4,2025_04_JAX_SF,SF,-0.06949312499371713,-0.07789484320528943,-0.04515560328739658,-0.11005566117091803,0.4375,64,64,60
2025,4,2025_04_LAC_NYG,LAC,-0.16701637772560413,0.14530654333537846,-0.4912045703138268,0.8287044995096513,0.40350877192982454,57,57,70
2025,4,2025_04_LAC_NYG,NYG,-0.14530654333537846,0.16701637772560413,-0.24835286976674703,-0.08060303604126332,0.4142857142857143,70,70,57
2025,4,2025_04_MIN_PIT,MIN,0.04434651494090252,-0.19872039256120266,0.0625458668352943,-0.0029717999845161104,0.4444444444444444,72,72,51
2025,4,2025_04_MIN_PIT,PIT,0.19872039256120266,-0.04434651494090252,0.158322198326457,0.23462989854764332,0.5882352941176471,51,51,72
2025,4,2025_04_NO_BUF,BUF,0.19637072308012193,0.09360413658291644,0.19668739184163314,0.19609773276847434,0.48148148148148145,54,54,66
2025,4,2025_04_NO_BUF,NO,-0.09360413658291644,-0.19637072308012193,-0.38726039949692176,0.1664914105694882,0.42424242424242425,66,66,54
2025,4,2025_04_NYJ_MIA,MIA,0.1296868522222619,-0.1588386564310765,0.4151177559333394,-0.10049936044796184,0.39285714285714285,56,56,58
2025,4,2025_04_NYJ_MIA,NYJ,0.1588386564310765,-0.1296868522222619,0.19340443717413028,0.12427287568802271,0.6206896551724138,58,58,56
2025,4,2025_04_PHI_TB,PHI,-0.07388661178406931,0.14611229033813666,-0.04972554032708733,-0.09351748234286715,0.41379310344827586,58,58,67
2025,4,2025_04_PHI_TB,TB,-0.14611229033813666,0.07388661178406931,-0.1288779270640944,-0.17328955550104952,0.373134328358209,67,67,58
2025,4,2025_04_SEA_ARI,ARI,-0.08130371034049266,-0.05527675193449541,-0.07030637838786523,-0.11170809868010967,0.375,64,64,64
2025,4,2025_04_SEA_ARI,SEA,0.05527675193449541,0.08130371034049266,0.3421160452102158,-0.18239009106538723,0.421875,64,64,64
2025,4,2025_04_TEN_HOU,HOU,0.14997043720635106,0.33984141296230697,0.26488549782238296,0.048188526375008554,0.4090909090909091,66,66,45
2025,4,2025_04_TEN_HOU,TEN,-0.33984141296230697,-0.14997043720635106,-0.6093183999126695,0.0643740674632368,0.3333333333333333,45,45,66
2025,4,2025_04_WAS_ATL,ATL,0.2673250416999427,-0.1313126924813322,0.6773213444159644,-0.058260257515721524,0.5081967213114754,61,61,51
2025,4,2025_04_WAS_ATL,WAS,0.1313126924813322,-0.2673250416999427,0.06595649808764371,0.21746403963664884,0.49019607843137253,51,51,61
2025,5,2025_05_DAL_NYJ,DAL,0.3599104924790044,-0.011919381357202824,0.39495765954070855,0.3194714535616535,0.48214285714285715,56,56,73
2025,5,2025_05_DAL_NYJ,NYJ,0.011919381357202824,-0.3599104924790044,0.08393821070828121,-0.16641295798832462,0.4931506849315068,73,73,56
2025,5,2025_05_DEN_PHI,DEN,0.0715268067741425,-0.003161222405788644,0.10100159577762012,0.028839181320830087,0.49295774647887325,71,71,54
2025,5,2025_05_DEN_PHI,PHI,0.003161222405788644,-0.0715268067741425,0.011476762053340906,-0.03342715204344131,0.3888888888888889,54,54,71
2025,5,2025_05_DET_CIN,CIN,-0.1200700493598614,-0.226807719230715,-0.20871693920939058,0.11262803649515263,0.41379310344827586,58,58,59
2025,5,2025_05_DET_CIN,DET,0.226807719230715,0.1200700493598614,0.46474630837993963,0.01189544516044759,0.5254237288135594,59,59,58
2025,5,2025_05_HOU_BAL,BAL,-0.33574280385889443,-0.3914223138318197,-0.37595030913918603,-0.2913029296017301,0.375,40,40,64
2025,5,2025_05_HOU_BAL,HOU,0.3914223138318197,0.33574280385889443,0.5750551291915453,0.1959422200617892,0.609375,64,64,40
2025,5,2025_05_KC_JAX,JAX,0.02829413494960063,-0.1889954635324622,-0.0265683713444671,0.08737683403551973,0.48148148148148145,54,54,63
2025,5,2025_05_KC_JAX,KC,0.1889954635324622,-0.02829413494960063,0.06498334619852646,0.4201089549275242,0.6507936507936508,63,63,54
2025,5,2025_05_LV_IND,IND,0.2768333146737995,0.21280899116320012,0.3052170399539106,0.23862445371980384,0.5081967213114754,61,61,65
2025,5,2025_05_LV_IND,LV,-0.21280899116320012,-0.2768333146737995,-0.27258616969132177,-0.11716550551820547,0.49230769230769234,65,65,61
2025,5,2025_05_MIA_CAR,CAR,0.15926762393042973,-0.095273431587789,-0.03310080306524463,0.36446061272581576,0.46774193548387094,62,62,53
2025,5,2025_05_MIA_CAR,MIA,0.095273431587789,-0.15926762393042973,0.2944920844234508,-0.4596928155972689,0.3584905660377358,53,53,62
2025,5,2025_05_MIN_CLE,CLE,-0.011413968600349553,-0.03647955072198828,-0.06522903003497574,0.045764534173940774,0.3939393939393939,66,66,60
2025,5,2025_05_MIN_CLE,MIN,0.03647955072198828,0.011413968600349553,0.31472949954284535,-0.44413399724131025,0.48333333333333334,60,60,66
2025,5,2025_05_NE_BUF,BUF,0.03892745436064732,-0.061872875329927024,0.1986766430882292,-0.13734751251116717,0.5081967213114754,61,61,56
2025,5,2025_05_NE_BUF,NE,0.061872875329927024,-0.03892745436064732,0.1286817355885062,-0.04137718143333173,0.4642857142857143,56,56,61
2025,5,2025_05_NYG_NO,NO,0.048407695519188554,0.2907236500295635,0.2909286108808085,-0.21920159039708176,0.45901639344262296,61,61,69
2025,5,2025_05_NYG_NO,NYG,-0.2907236500295635,-0.048407695519188554,-0.4536104383179918,-0.06605221790759343,0.463768115942029,69,69,61
2025,5,2025_05_SF_LA,LA,0.07494362587992895,-0.12498951755959781,0.3272505818537808,-0.6662080572932609,0.5555555555555556,63,63,82
2025,5,2025_05_SF_LA,SF,0.12498951755959781,-0.07494362587992895,0.2857910573703416,-0.11377640518968843,0.5121951219512195,82,82,63
2025,5,2025_05_TB_SEA,SEA,0.40564259705959244,-0.39668352996929396,0.6886211766530251,-0.07542098824924323,0.6111111111111112,54,54,58
2025,5,2025_05_TB_SEA,TB,0.39668352996929396,-0.40564259705959244,0.7423054357730114,-0.12926284842766744,0.5172413793103449,58,58,54
2025,5,2025_05_TEN_ARI,ARI,-0.07426535388094635,0.040184388989610034,0.034282995175038064,-0.205271982051962,0.375,64,64,61
2025,5,2025_05_TEN_ARI,TEN,-0.040184388989610034,0.07426535388094635,0.03896874644261369,-0.20244831662566867,0.4426229508196721,61,61,64
2025,5,2025_05_WAS_LAC,LAC,-0.14044467658160198,-0.25499001840676383,-0.3577784077724523,0.1688379408823004,0.3968253968253968,63,63,54
2025,5,2025_05_WAS_LAC,WAS,0.25499001840676383,0.14044467658160198,0.5295791422708997,1.4403390066166008e-05,0.5740740740740741,54,54,63
2025,6,2025_06_ARI_IND,ARI,0.08987307613540867,-0.14932353989474517,0.13604552847505283,0.0013758758177573327,0.4714285714285714,70,70,56
2025,6,2025_06_ARI_IND,IND,0.14932353989474517,-0.08987307613540867,0.09187816215727401,0.22055580828920937,0.5357142857142857,56,56,70
2025,6,2025_06_BUF_ATL,ATL,0.06679594271918607,0.11888455337019102,-0.01233146561328261,0.15358084218060333,0.47692307692307695,65,65,54
2025,6,2025_06_BUF_ATL,BUF,-0.11888455337019102,-0.06679594271918607,-0.2389284125538931,0.031170270609436557,0.46296296296296297,54,54,65
2025,6,2025_06_CHI_WAS,CHI,0.16552726067451567,0.06369690371164834,0.09926709449659193,0.24962670236188045,0.5254237288135594,59,59,59
2025,6,2025_06_CHI_WAS,WAS,-0.06369690371164834,-0.16552726067451567,0.22190888058368946,-0.33978249519714154,0.4406779661016949,59,59,59
2025,6,2025_06_CIN_GB,CIN,0.09290518327846518,-0.20802989668066227,0.14457048032667455,-0.052403464669623645,0.4918032786885246,61,61,59
2025,6,2025_06_CIN_GB,GB,0.20802989668066227,-0.09290518327846518,0.27244859790722564,0.1536766175207494,0.576271186440678,59,59,61
2025,6,2025_06_CLE_PIT,CLE,-0.18536203440857055,-0.13015411187084536,-0.23926924503903255,-0.0014433157869943364,0.36,75,75,55
2025,6,2025_06_CLE_PIT,PIT,0.13015411187084536,0.18536203440857055,0.3199733245624314,-0.09762894335905792,0.41818181818181815,55,55,75
2025,6,2025_06_DAL_CAR,CAR,0.1593848109816331,-0.17961180428658052,0.08466832269793789,0.2133467191865241,0.5806451612903226,62,62,52
2025,6,2025_06_DAL_CAR,DAL,0.17961180428658052,-0.1593848109816331,0.5219220168028713,-0.4669741526886355,0.40384615384615385,52,52,62
2025,6,2025_06_DEN_NYJ,DEN,-0.08565105830495115,0.42066146779731944,0.00898227732083692,-0.20788578348826073,0.34545454545454546,55,55,57
2025,6,2025_06_DEN_NYJ,NYJ,-0.42066146779731944,0.08565105830495115,-0.7969791557923614,-0.10504018109180034,0.24561403508771928,57,57,55
2025,6,2025_06_DET_KC,DET,0.11232516020075155,-0.2675266565339692,0.22377171270394078,-0.03303990828166918,0.5283018867924528,53,53,58
2025,6,2025_06_DET_KC,KC,0.2675266565339692,-0.11232516020075155,0.47189648141840423,-0.0022415123134851456,0.5517241379310345,58,58,53
2025,6,2025_06_LAC_MIA,LAC,0.10399103724870683,-0.09100858336886261,0.17785412416792057,-0.0112353783452666,0.453125,64,64,56
2025,6,2025_06_LAC_MIA,MIA,0.09100858336886261,-0.10399103724870683,-0.017878668739825975,0.2724873368833436,0.44642857142857145,56,56,64
2025,6,2025_06_LA_BAL,BAL,-0.33207327289524907,0.0331867793169627,-0.4991643861307282,-0.1649821596597699,0.3918918918918919,74,74,49
2025,6,2025_06_LA_BAL,LA,-0.0331867793169627,0.33207327289524907,0.034265899066395225,-0.1231236838281066,0.46938775510204084,49,49,74
2025,6,2025_06_NE_NO,NE,0.1576491451476753,0.04114743442538712,0.6446902683953553,-0.295802935117406,0.5,56,56,51
2025,6,2025_06_NE_NO,NO,-0.04114743442538712,-0.1576491451476753,-0.05162226927174366,-0.028395461568953066,0.45098039215686275,51,51,56
2025,6,2025_06_PHI_NYG,NYG,0.25234636336153926,0.09667333842203421,0.2060840791008169,0.2883281400087678,0.484375,64,64,56
2025,6,2025_06_PHI_NYG,PHI,-0.09667333842203421,-0.25234636336153926,-0.08315560335513646,-0.12100526154245017,0.44642857142857145,56,56,64
2025,6,2025_06_SEA_JAX,JAX,-0.021846653996281398,-0.051627135239407373,-0.007894826990846034,-0.0578276815366147,0.38235294117647056,68,68,51
2025,6,2025_06_SEA_JAX,SEA,0.051627135239407373,0.021846653996281398,0.37587499025335286,-0.34310938390800455,0.39215686274509803,51,51,68
2025,6,2025_06_SF_TB,SF,-0.08532056090353136,-0.2943644298495219,-0.09837894309685621,-0.05861023368991234,0.44776119402985076,67,67,50
2025,6,2025_06_SF_TB,TB,0.2943644298495219,0.08532056090353136,0.5028120674047982,0.1019512259523438,0.54,50,50,67
2025,6,2025_06_TEN_LV,LV,-0.17984146129842535,0.30766865473885463,0.022773055117577313,-0.3545091478639449,0.4074074074074074,54,54,58
2025,6,2025_06_TEN_LV,TEN,-0.30766865473885463,0.17984146129842535,-0.34042668922771807,-0.2137622892041128,0.3793103448275862,58,58,54
2025,7,2025_07_ATL_SF,ATL,-0.11414267221860112,-0.03446365946299321,-0.16843392851102618,-0.005560159633751028,0.43333333333333335,60,60,64
2025,7,2025_07_ATL_SF,SF,0.03446365946299321,0.11414267221860112,0.07289727318646794,0.006417508908025165,0.5,64,64,60
2025,7,2025_07_CAR_NYJ,CAR,-0.06082142597444249,0.25576603516145946,-0.07665164133567696,-0.044991210613208,0.39705882352941174,68,68,60
2025,7,2025_07_CAR_NYJ,NYJ,-0.25576603516145946,0.06082142597444249,-0.3374841470571702,-0.09232981137003789,0.3,60,60,68
2025,7,2025_07_GB_ARI,ARI,-0.0522111322400125,-0.11762536637441785,0.02466269668264323,-0.1675218756239961,0.4142857142857143,70,70,52
2025,7,2025_07_GB_ARI,GB,0.11762536637441785,0.0522111322400125,0.20211871726534192,0.002407160614066842,0.5,52,52,70
2025,7,2025_07_HOU_SEA,HOU,-0.31004925549555545,0.2483187254177334,-0.2551774283915166,-0.48112024587873536,0.35714285714285715,70,70,65
2025,7,2025_07_HOU_SEA,SEA,-0.2483187254177334,0.31004925549555545,-0.4394483815410239,-0.03869265095993089,0.35384615384615387,65,65,70
2025,7,2025_07_IND_LAC,IND,0.43477880175474354,-0.08745231141202288,0.40995943567042376,0.47821269240230324,0.5272727272727272,55,55,74
2025,7,2025_07_IND_LAC,LAC,0.08745231141202288,-0.43477880175474354,0.10032977242209094,0.040771515250526136,0.47297297297297297,74,74,55
2025,7,2025_07_LA_JAX,JAX,-0.16017528308253737,-0.12091618987876152,-0.2533481455632865,0.10953563462489431,0.40540540540540543,74,74,58
2025,7,2025_07_LA_JAX,LA,0.12091618987876152,0.16017528308253737,0.266149124433992,-0.07079128373414278,0.4482758620689655,58,58,74
2025,7,2025_07_LV_KC,KC,0.22474235083627978,0.6687030068550182,0.5371993790870928,-0.07126957066449043,0.5135135135135135,74,74,30
2025,7,2025_07_LV_KC,LV,-0.6687030068550182,-0.22474235083627978,-0.5506992940913493,-0.8725276016286277,0.13333333333333333,30,30,74
2025,7,2025_07_MIA_CLE,CLE,-0.0790437820964866,0.558327655649518,0.04249005433298723,-0.15500242986490775,0.2692307692307692,52,52,57
2025,7,2025_07_MIA_CLE,MIA,-0.558327655649518,0.0790437820964866,-0.7579750774598581,-0.24070675731488603,0.22807017543859648,57,57,52
2025,7,2025_07_NE_TEN,NE,0.2674770223241579,0.28418670217351055,0.41153111820583693,0.14884423748042216,0.4838709677419355,62,62,51
2025,7,2025_07_NE_TEN,TEN,-0.28418670217351055,-0.2674770223241579,-0.3010944811347234,-0.22923642054956872,0.4117647058823529,51,51,62
2025,7,2025_07_NO_CHI,CHI,0.09379912528868677,0.29681739717672306,0.0796227710215886,0.10387179805741441,0.4461538461538462,65,65,53
2025,7,2025_07_NO_CHI,NO,-0.29681739717672306,-0.09379912528868677,-0.3399707239080261,-0.2054338817457285,0.39622641509433965,53,53,65
2025,7,2025_07_NYG_DEN,DEN,0.08352498809297798,-0.12273264830063231,-0.037290499361671225,0.350325856221995,0.4025974025974026,77,77,70
2025,7,2025_07_NYG_DEN,NYG,0.12273264830063231,-0.08352498809297798,0.22044958365510073,0.0066937875672010705,0.34285714285714286,70,70,77
2025,7,2025_07_PHI_MIN,MIN,-0.08892315779743927,-0.28287289558438616,-0.05174937353610575,-0.16003822334085993,0.5074626865671642,67,67,48
2025,7,2025_07_PHI_MIN,PHI,0.28287289558438616,0.08892315779743927,0.7271797762995658,-0.24221705435173513,0.3958333333333333,48,48,67
2025,7,2025_07_PIT_CIN,CIN,0.32944476488115476,-0.36488681497630077,0.309062419556418,0.3793815109267598,0.5072463768115942,69,69,54
2025,7,2025_07_PIT_CIN,PIT,0.36488681497630077,-0.32944476488115476,0.39152682071503747,0.3195988052204484,0.5,54,54,69
2025,7,2025_07_TB_DET,DET,-0.12031188230506579,0.41947932219072487,-0.2616679077871328,0.025461518973315833,0.35384615384615387,65,65,66
2025,7,2025_07_TB_DET,TB,-0.41947932219072487,0.12031188230506579,-0.5318405048493681,0.14232659110249105,0.3181818181818182,66,66,65
2025,7,2025_07_WAS_DAL,DAL,0.09817092506242014,0.22131152660881342,0.23203724865542272,-0.04492755877837571,0.4,60,60,64
2025,7,2025_07_WAS_DAL,WAS,-0.22131152660881342,-0.09817092506242014,-0.5543036419791557,0.20682119315305525,0.4375,64,64,60
2025,8,2025_08_BUF_CAR,BUF,0.3438355488205429,0.3448128232429677,0.3369235369755102,0.3487727001384233,0.48333333333333334,60,60,59
2025,8,2025_08_BUF_CAR,CAR,-0.3448128232429677,-0.3438355488205429,-0.4148674119074508,-0.2672523857930043,0.3728813559322034,59,59,60
2025,8,2025_08_CHI_BAL,BAL,0.21501733361346967,-0.024400010712218322,0.22148097004184045,0.21058512577687258,0.4915254237288136,59,59,62
2025,8,2025_08_CHI_BAL,CHI,0.024400010712218322,-0.21501733361346967,0.028203423497951807,0.017950745553800673,0.43548387096774194,62,62,59
2025,8,2025_08_CLE_NE,CLE,-0.3489714522845772,-0.0732997381371432,-0.5363730522828745,0.08439474771148525,0.2830188679245283,53,53,62
2025,8,2025_08_CLE_NE,NE,0.0732997381371432,0.3489714522845772,0.21403942463005604,-0.05864371794996259,0.4838709677419355,62,62,53
2025,8,2025_08_DAL_DEN,DAL,0.056690743149447914,-0.36623185623243476,0.03646800346604201,0.08082756148125496,0.5,68,68,56
2025,8,2025_08_DAL_DEN,DEN,0.36623185623243476,-0.056690743149447914,0.46976093787400475,0.24677522356908482,0.5535714285714286,56,56,68
2025,8,2025_08_GB_PIT,GB,0.32949494615055075,0.15699676583711514,0.5882107241384066,-0.06375303639099002,0.49206349206349204,63,63,58
2025,8,2025_08_GB_PIT,PIT,-0.15699676583711514,-0.32949494615055075,-0.19637595632270335,-0.06948745364691906,0.39655172413793105,58,58,63
2025,8,2025_08_MIA_ATL,ATL,-0.34104173670715415,-0.14265521886032412,-0.1833727801185887,-0.6563796498842851,0.3958333333333333,48,48,65
2025,8,2025_08_MIA_ATL,MIA,0.14265521886032412,0.34104173670715415,0.2221771831268038,0.08247643509109627,0.47692307692307695,65,65,48
2025,8,2025_08_MIN_LAC,LAC,0.20368281297564736,0.4242375427816471,0.4299085756931819,0.061634078246032675,0.5142857142857142,70,70,47
2025,8,2025_08_MIN_LAC,MIN,-0.4242375427816471,-0.20368281297564736,-0.3541880785418457,-0.6534903348391791,0.2765957446808511,47,47,70
2025,8,2025_08_NYG_PHI,NYG,0.09014255693196387,-0.4562564310064932,0.11627967687997727,0.05224373300734442,0.40816326530612246,49,49,54
2025,8,2025_08_NYG_PHI,PHI,0.4562564310064932,-0.09014255693196387,0.3344381120155712,0.5537110861992308,0.5925925925925926,54,54,49
2025,8,2025_08_NYJ_CIN,CIN,0.2645132378994239,-0.3412436376629537,0.0910257259979273,0.5285159734017013,0.5862068965517241,58,58,70
2025,8,2025_08_NYJ_CIN,NYJ,0.3412436376629537,-0.2645132378994239,0.5001360104791223,0.19952881866474934,0.6,70,70,58
2025,8,2025_08_SF_HOU,HOU,0.23502567702044333,0.04005459639431081,0.4920008234125965,-0.05131805753081305,0.4864864864864865,74,74,45
2025,8,2025_08_SF_HOU,SF,-0.04005459639431081,-0.23502567702044333,-0.07975912797638614,0.09891126414295286,0.37777777777777777,45,45,74
2025,8,2025_08_TB_NO,NO,-0.4726712227326961,0.14794995938809855,-0.4871395869045447,-0.4196205541025847,0.38571428571428573,70,70,56
2025,8,2025_08_TB_NO,TB,-0.14794995938809855,0.4726712227326961,-0.06556898014631583,-0.22464949178562033,0.3392857142857143,56,56,70
2025,8,2025_08_TEN_IND,IND,0.3815471290843497,0.08746747893923329,0.34490031581644953,0.45076888747927213,0.4423076923076923,52,52,66
2025,8,2025_08_TEN_IND,TEN,-0.08746747893923329,-0.3815471290843497,-0.20410229349168155,0.10381361692678183,0.4090909090909091,66,66,52
2025,8,2025_08_WAS_KC,KC,0.2507716672817795,0.18105482519828142,0.371046044947139,0.09731815095011402,0.5151515151515151,66,66,52
2025,8,2025_08_WAS_KC,WAS,-0.18105482519828142,-0.2507716672817795,-0.231380292079848,-0.10053407818777486,0.40384615384615385,52,52,66
2025,9,2025_09_ARI_DAL,ARI,0.11332130881309921,0.11113330770290628,0.194732458284818,0.004773109517474141,0.47619047619047616,63,63,64
2025,9,2025_09_ARI_DAL,DAL,-0.11113330770290628,-0.11332130881309921,-0.24406200519372206,0.1610540252544784,0.4375,64,64,63
2025,9,2025_09_ATL_NE,ATL,0.06972141226584215,-0.013419395030301828,0.0984850450320069,0.0014077844462008215,0.4074074074074074,54,54,65
2025,9,2025_09_ATL_NE,NE,0.013419395030301828,-0.06972141226584215,0.012106481383563508,0.014951127618163203,0.4461538461538462,65,65,54
2025,9,2025_09_BAL_MIA,BAL,0.21235004634945653,0.20004813488724682,0.4160683396365494,0.036730827998514445,0.5,54,54,61
2025,9,2025_09_BAL_MIA,MIA,-0.20004813488724682,-0.21235004634945653,-0.06420295014598681,-0.4785307636068298,0.39344262295081966,61,61,54
2025,9,2025_09_CAR_GB,CAR,0.09463535318914694,-0.042524528103241595,-0.1574039458161375,0.25502399801069153,0.5,54,54,63
2025,9,2025_09_CAR_GB,GB,0.042524528103241595,-0.09463535318914694,0.1552631176842358,-0.12883812805986963,0.5079365079365079,63,63,54
2025,9,2025_09_CHI_CIN,CHI,0.4531389842597489,-0.2308691931862506,0.4704601090910587,0.4344134439015761,0.5584415584415584,77,77,65
2025,9,2025_09_CHI_CIN,CIN,0.2308691931862506,-0.4531389842597489,0.32807343764306124,-0.12323198304927376,0.49230769230769234,65,65,77
2025,9,2025_09_DEN_HOU,DEN,-0.09000114324388302,0.14950094418954218,-0.08974768387774174,-0.09043092216907908,0.3225806451612903,62,62,72
2025,9,2025_09_DEN_HOU,HOU,-0.14950094418954218,0.09000114324388302,-0.05891307075134751,-0.2918533167352767,0.2916666666666667,72,72,62
2025,9,2025_09_IND_PIT,IND,-0.12281911859057469,0.1134796960845264,-0.3018586410721103,0.3860300505674738,0.5068493150684932,73,73,60
2025,9,2025_09_IND_PIT,PIT,-0.1134796960845264,0.12281911859057469,-0.10162963689123287,-0.1339479801456698,0.4,60,60,73
2025,9,2025_09_JAX_LV,JAX,0.15706824798076882,-0.1389007410609467,-0.02655274545317669,0.3057138140939628,0.5131578947368421,76,76,61
2025,9,2025_09_JAX_LV,LV,0.1389007410609467,-0.15706824798076882,0.2713426796839326,-0.15386564957933793,0.5245901639344263,61,61,76
2025,9,2025_09_KC_BUF,BUF,0.23137387021057962,-0.03537957011217095,0.33115131159188577,0.1462695819735832,0.5555555555555556,63,63,58
2025,9,2025_09_KC_BUF,KC,0.03537957011217095,-0.23137387021057962,-0.04428212731088848,0.18673679521598388,0.41379310344827586,58,58,63
2025,9,2025_09_LAC_TEN,LAC,0.08430029829409308,0.17723924175599148,0.05238906045035299,0.12281386120895181,0.578125,64,64,44
2025,9,2025_09_LAC_TEN,TEN,-0.17723924175599148,-0.08430029829409308,-0.06770762754022144,-0.32135978677674154,0.36363636363636365,44,44,64
2025,9,2025_09_MIN_DET,DET,-0.007077456632856924,0.021526931048336046,0.09830499062817608,-0.22838059588102624,0.3548387096774194,62,62,55
2025,9,2025_09_MIN_DET,MIN,-0.021526931048336046,0.007077456632856924,-0.2472781539116347,0.24937453638762236,0.41818181818181815,55,55,62
2025,9,2025_09_NO_LA,LA,0.26580770541852994,0.32076716913770026,0.3481982655474624,0.19398003761381963,0.5616438356164384,73,73,39
2025,9,2025_09_NO_LA,NO,-0.32076716913770026,-0.26580770541852994,-0.025845374260097743,-0.8474132314191333,0.3076923076923077,39,39,73
2025,9,2025_09_SEA_WAS,SEA,0.4484156475213809,0.01966609920735561,0.9353306285868334,-0.03849933354407161,0.6041666666666666,48,48,62
2025,9,2025_09_SEA_WAS,WAS,-0.01966609920735561,-0.4484156475213809,-0.05115275633579586,0.0030742642742956783,0.5,62,62,48
2025,9,2025_09_SF_NYG,NYG,0.17014770252894712,-0.32996125118861946,0.048864890266984214,0.37228572296555196,0.5,56,56,63
2025,9,2025_09_SF_NYG,SF,0.32996125118861946,-0.17014770252894712,0.518873113584067,0.19721237491073743,0.5238095238095238,63,63,56
2025,10,2025_10_ARI_SEA,ARI,-0.21090279241203252,-0.0737041313480599,-0.24494491015217157,-0.1354180965534634,0.4189189189189189,74,74,54
2025,10,2025_10_ARI_SEA,SEA,0.0737041313480599,0.21090279241203252,0.3150107503768644,-0.0028077234659512644,0.5370370370370371,54,54,74
2025,10,2025_10_ATL_IND,ATL,-0.06675310395738128,-0.15098934089260876,-0.25156448742532267,0.14445990572026599,0.45,60,60,75
2025,10,2025_10_ATL_IND,IND,0.15098934089260876,0.06675310395738128,-0.06215701454563097,0.32774485515846613,0.5466666666666666,75,75,60
2025,10,2025_10_BAL_MIN,BAL,-0.004003643395188539,0.16057756580649468,-0.04483214679865401,0.03215874533359516,0.4696969696969697,66,66,62
2025,10,2025_10_BAL_MIN,MIN,-0.16057756580649468,0.004003643395188539,-0.2248208693230319,-0.0035383794327369994,0.3709677419354839,62,62,66
2025,10,2025_10_BUF_MIA,BUF,-0.0736375961853544,-0.3123163272150317,0.09514389528505589,-0.41120057912617497,0.42424242424242425,66,66,51
2025,10,2025_10_BUF_MIA,MIA,0.3123163272150317,0.0736375961853544,0.4289271493464531,0.23068875172303674,0.43137254901960786,51,51,66
2025,10,2025_10_CLE_NYJ,CLE,-0.0823937505071805,0.29455701669196743,-0.19446130015188,0.05068646469590021,0.34285714285714286,70,70,45
2025,10,2025_10_CLE_NYJ,NYJ,-0.29455701669196743,0.0823937505071805,-0.7268419694779108,-0.09933155414347689,0.2222222222222222,45,45,70
2025,10,2025_10_DET_WAS,DET,0.490552863990323,-0.17317353615379832,0.6853817619685815,0.2839161540133822,0.5882352941176471,68,68,52
2025,10,2025_10_DET_WAS,WAS,0.17317353615379832,-0.490552863990323,0.43694928949093764,-0.0710632724917011,0.46153846153846156,52,52,68
2025,10,2025_10_JAX_HOU,HOU,0.07360694387817786,0.2355685361521062,0.015396074914878339,0.19762140384346813,0.5,72,72,56
2025,10,2025_10_JAX_HOU,JAX,-0.2355685361521062,-0.07360694387817786,-0.2514508753183816,-0.2185097274179586,0.375,56,56,72
2025,10,2025_10_LA_SF,LA,0.4108707699297156,-0.12663357083177285,0.6116259063057589,0.13576187934032297,0.625,64,64,61
2025,10,2025_10_LA_SF,SF,0.12663357083177285,-0.4108707699297156,0.29518976195650176,-0.19442584083437742,0.5737704918032787,61,61,64
2025,10,2025_10_LV_DEN,DEN,-0.2522768672431431,0.39005505442955796,-0.35252419560809944,-0.13198007320519536,0.4,55,55,58
2025,10,2025_10_LV_DEN,LV,-0.39005505442955796,0.2522768672431431,-0.5243830780984677,-0.21274206318659708,0.3275862068965517,58,58,55
2025,10,2025_10_NE_TB,NE,0.17789473459285138,-0.044337669336884676,0.1958390143536235,0.155809467194978,0.3620689655172414,58,58,67
2025,10,2025_10_NE_TB,TB,0.044337669336884676,-0.17789473459285138,0.02151601865064132,0.09101831846783699,0.4925373134328358,67,67,58
2025,10,2025_10_NO_CAR,CAR,-0.41942340922414667,-0.16176368779471467,-0.4258472565214592,-0.41188237109251885,0.36,50,50,64
2025,10,2025_10_NO_CAR,NO,0.16176368779471467,0.41942340922414667,0.3734162968296546,-0.024988614294938195,0.40625,64,64,50
2025,10,2025_10_NYG_CHI,CHI,0.026302652246660178,-0.0047921175323133195,-0.16837129872798096,0.2958511997500094,0.46774193548387094,62,62,70
2025,10,2025_10_NYG_CHI,NYG,0.0047921175323133195,-0.026302652246660178,0.02098720081460298,-0.01680132684407291,0.38571428571428573,70,70,62
2025,10,2025_10_PHI_GB,GB,-0.17316197424657584,0.07821261090718393,-0.21227972904875478,-0.1181073563768425,0.38461538461538464,65,65,60
2025,10,2025_10_PHI_GB,PHI,-0.07821261090718393,0.17316197424657584,0.3266932979044773,-0.3878465411749249,0.3333333333333333,60,60,65
2025,10,2025_10_PIT_LAC,LAC,-0.08252314845889028,0.37660531342131115,-0.17529124586861985,0.03498310826010056,0.39705882352941174,68,68,50
2025,10,2025_10_PIT_LAC,PIT,-0.37660531342131115,0.08252314845889028,-0.5320600154927306,-0.046264071519544814,0.38,50,50,68
2025,11,2025_11_BAL_CLE,BAL,-0.0883295588667408,0.40910965357742174,-0.4282684914929559,0.27589072608991827,0.43103448275862066,58,58,54
2025,11,2025_11_BAL_CLE,CLE,-0.40910965357742174,0.0883295588667408,-0.5859641710454233,-0.20395841331453993,0.2962962962962963,54,54,58
2025,11,2025_11_CAR_ATL,ATL,0.12681769830328793,-0.12748949193676204,0.23153446503586014,0.01462116251838909,0.5172413793103449,58,58,76
2025,11,2025_11_CAR_ATL,CAR,0.12748949193676204,-0.12681769830328793,0.2738850574741784,-0.18970090006097343,0.40789473684210525,76,76,58
2025,11,2025_11_CHI_MIN,CHI,-0.04758441524946868,0.19253063808414522,-0.02789622937021461,-0.06474847473394658,0.4520547945205479,73,73,54
2025,11,2025_11_CHI_MIN,MIN,-0.19253063808414522,0.04758441524946868,-0.4081848782092017,0.1211482566432096,0.42592592592592593,54,54,73
2025,11,2025_11_CIN_PIT,CIN,-0.236713407700129,-0.19927468115696842,-0.4227775999803983,0.11004258700400929,0.3333333333333333,63,63,59
2025,11,2025_11_CIN_PIT,PIT,0.19927468115696842,0.236713407700129,0.3737618126772606,-0.007524882126340849,0.4406779661016949,59,59,63
2025,11,2025_11_DAL_LV,DAL,0.13367651452533807,0.21752597249338235,0.25184390721401195,-0.01512686886039942,0.5573770491803278,61,61,57
2025,11,2025_11_DAL_LV,LV,-0.21752597249338235,-0.13367651452533807,-0.3093915774659626,0.16663928466468034,0.42105263157894735,57,57,61
2025,11,2025_11_DET_PHI,DET,-0.400764525954852,0.2294467512284283,-0.36572376435078663,-0.4690940110827796,0.3389830508474576,59,59,68
2025,11,2025_11_DET_PHI,PHI,-0.2294467512284283,0.400764525954852,-0.2892861380799338,-0.18495079690294985,0.36764705882352944,68,68,59
2025,11,2025_11_GB_NYG,GB,0.34961347964389894,-0.15184396263408845,0.43036716510813106,0.24779361536291064,0.4807692307692308,52,52,68
2025,11,2025_11_GB_NYG,NYG,0.15184396263408845,-0.34961347964389894,0.2064452518562546,0.10609693652903032,0.47058823529411764,68,68,52
2025,11,2025_11_HOU_TEN,HOU,-0.06696717421772264,0.11977042686512421,-0.004288381210694108,-0.18959959531843062,0.4117647058823529,68,68,57
2025,11,2025_11_HOU_TEN,TEN,-0.11977042686512421,0.06696717421772264,-0.067954211509933,-0.24169093358322116,0.3684210526315789,57,57,68
2025,11,2025_11_KC_DEN,DEN,0.032746005734641585,-0.04535642096272473,0.11486031485427431,-0.13148261250462384,0.45,60,60,62
2025,11,2025_11_KC_DEN,KC,0.04535642096272473,-0.032746005734641585,0.023984205452180645,0.11863258842744731,0.43548387096774194,62,62,60
2025,11,2025_11_LAC_JAX,JAX,0.07959256080473584,0.5113474807938482,0.10853404505046042,0.06604548307269455,0.5217391304347826,69,69,45
2025,11,2025_11_LAC_JAX,LAC,-0.5113474807938482,-0.07959256080473584,-0.7480994059452987,-0.08223461645684438,0.3111111111111111,45,45,69
2025,11,2025_11_NYJ_NE,NE,0.16685830179392713,0.08509738697760265,0.3498868039615085,-0.08938160124068684,0.48333333333333334,60,60,57
2025,11,2025_11_NYJ_NE,NYJ,-0.08509738697760265,-0.16685830179392713,-0.2838941830238488,0.12079929464172372,0.47368421052631576,57,57,60
2025,11,2025_11_SEA_LA,LA,-0.17388195808161983,0.1996551647972019,-0.33793421734299045,0.03491182643285191,0.38,50,50,79
2025,11,2025_11_SEA_LA,SEA,-0.1996551647972019,0.17388195808161983,-0.29855757653613396,-0.07532070432540162,0.45569620253164556,79,79,50
2025,11,2025_11_SF_ARI,ARI,0.061462755207460036,-0.19118915616353555,0.11065469269882769,-0.12874606975916153,0.5068493150684932,73,73,50
2025,11,2025_11_SF_ARI,SF,0.19118915616353555,-0.061462755207460036,0.3086676985454571,0.04167101131381721,0.54,50,50,73
2025,11,2025_11_TB_BUF,BUF,0.24343949035189907,-0.05390374443740425,0.4013181551166642,0.03064650740808524,0.46296296296296297,54,54,69
2025,11,2025_11_TB_BUF,TB,0.05390374443740425,-0.24343949035189907,-0.28899471145498085,0.33363669529698153,0.43478260869565216,69,69,54
2025,11,2025_11_WAS_MIA,MIA,-0.019850018187706958,-0.07062747970214588,0.08528118756045544,-0.0978505901944081,0.5185185185185185,54,54,64
2025,11,2025_11_WAS_MIA,WAS,0.07062747970214588,0.019850018187706958,0.13076413427896935,0.014135470857251097,0.515625,64,64,54
2025,12,2025_12_ATL_NO,ATL,-0.11221282572562642,0.27482358596316864,-0.15860986554377618,-0.0722153776065318,0.4444444444444444,54,54,78
2025,12,2025_12_ATL_NO,NO,-0.27482358596316864,0.11221282572562642,-0.35759832378354767,-0.12701155414106324,0.41025641025641024,78,78,54
2025,12,2025_12_BUF_HOU,BUF,-0.16421365248832998,0.06426352002561553,-0.31629006935962967,0.11349110875491296,0.36923076923076925,65,65,55
2025,12,2025_12_BUF_HOU,HOU,-0.06426352002561553,0.16421365248832998,-0.21174410061675814,0.11271317668375559,0.41818181818181815,55,55,65
2025,12,2025_12_CAR_SF,CAR,-0.20065023830438192,0.0013478750223231515,-0.3223459258546751,0.0895471704693941,0.4090909090909091,44,44,68
2025,12,2025_12_CAR_SF,SF,-0.0013478750223231515,0.20065023830438192,-0.09901634321647779,0.08546854115025876,0.45588235294117646,68,68,44
2025,12,2025_12_CLE_LV,CLE,-0.21827911542994152,0.3811776929274506,-0.12489504988057108,-0.2937047068352023,0.2553191489361702,47,47,75
2025,12,2025_12_CLE_LV,LV,-0.3811776929274506,0.21827911542994152,-0.37516558355552543,-0.39663740274097237,0.30666666666666664,75,75,47
2025,12,2025_12_IND_KC,IND,-0.004252268632973299,-0.013962667228276833,0.04611859794571725,-0.0910020944073848,0.3877551020408163,49,49,92
2025,12,2025_12_IND_KC,KC,0.013962667228276833,0.004252268632973299,0.16667942926518103,-0.17600208554933572,0.44565217391304346,92,92,49
2025,12,2025_12_JAX_ARI,ARI,-0.1469523248096587,0.18808638796123014,-0.17943726976238983,-0.05599447894201148,0.40789473684210525,76,76,60
2025,12,2025_12_JAX_ARI,JAX,-0.18808638796123014,0.1469523248096587,-0.27290176360666907,-0.08442315106124927,0.4166666666666667,60,60,76
2025,12,2025_12_MIN_GB,GB,0.024495087762468365,0.42938007633339015,0.2548174252804554,-0.10794025631037418,0.47619047619047616,63,63,44
2025,12,2025_12_MIN_GB,MIN,-0.42938007633339015,-0.024495087762468365,-0.6859931292988218,-0.12144441277487203,0.38636363636363635,44,44,63
2025,12,2025_12_NE_CIN,CIN,-0.19337428153972736,-0.003567308900269411,-0.3538225932226795,0.0717142334147154,0.45901639344262296,61,61,66
2025,12,2025_12_NE_CIN,NE,0.003567308900269411,0.19337428153972736,0.18817500112609578,-0.21796192177072224,0.4696969696969697,66,66,61
2025,12,2025_12_NYG_DET,DET,0.14838901343405755,-0.11667236768513446,-0.14428399789894922,0.7776359878000221,0.5079365079365079,63,63,76
2025,12,2025_12_NYG_DET,NYG,0.11667236768513446,-0.14838901343405755,0.36165697435174443,-0.1283122389814755,0.3684210526315789,76,76,63
2025,12,2025_12_NYJ_BAL,BAL,-0.049538823772300976,0.17015552693500374,-0.002959355384315946,-0.08447342506328975,0.32142857142857145,56,56,57
2025,12,2025_12_NYJ_BAL,NYJ,-0.17015552693500374,0.049538823772300976,0.024829667574840016,-0.40263787423520203,0.3508771929824561,57,57,56
2025,12,2025_12_PHI_DAL,DAL,-0.021556584924375653,-0.06195237126258659,0.11723573232052405,-0.19385049598700976,0.4307692307692308,65,65,58
2025,12,2025_12_PHI_DAL,PHI,0.06195237126258659,0.021556584924375653,0.109848358805074,-0.04448315660960765,0.41379310344827586,58,58,65
2025,12,2025_12_PIT_CHI,CHI,0.01378506184961941,-0.0010508614814961734,0.015791250304516575,0.010859370352894379,0.423728813559322,59,59,69
2025,12,2025_12_PIT_CHI,PIT,0.0010508614814961734,-0.01378506184961941,-0.17628095672240085,0.16360502816840178,0.5217391304347826,69,69,59
2025,12,2025_12_SEA_TEN,SEA,0.29043922414280715,0.0052869024993849245,0.34904471336111664,0.20715773946415683,0.5,46,46,68
2025,12,2025_12_SEA_TEN,TEN,-0.0052869024993849245,-0.29043922414280715,0.04608084629479145,-0.11269219543266279,0.35294117647058826,68,68,46
2025,12,2025_12_TB_LA,LA,0.09561116587422915,0.42991774065989946,0.22831749794437847,-0.155832410679738,0.5454545454545454,55,55,67
2025,12,2025_12_TB_LA,TB,-0.42991774065989946,-0.09561116587422915,-0.8088152728190547,0.06656868079002819,0.31343283582089554,67,67,55
2025,13,2025_13_ARI_TB,ARI,-0.0263044622938843,-0.062032397961881446,0.1325834592261085,-0.3691678718896583,0.6,60,60,54
2025,13,2025_13_ARI_TB,TB,0.062032397961881446,0.0263044622938843,0.05833537386277725,0.06665367808576168,0.4444444444444444,54,54,60
2025,13,2025_13_ATL_NYJ,ATL,0.17422654433470755,-0.009249043064762529,0.16725309457462562,0.18185375500979717,0.5223880597014925,67,67,62
2025,13,2025_13_ATL_NYJ,NYJ,0.009249043064762529,-0.17422654433470755,-0.02767724471524663,0.057116453149959584,0.45161290322580644,62,62,67
2025,13,2025_13_BUF_PIT,BUF,0.10006494115789154,0.4242491542746118,0.23472732572269667,0.03933484615807745,0.4594594594594595,74,74,43
2025,13,2025_13_BUF_PIT,PIT,-0.4242491542746118,-0.10006494115789154,-0.47469064213335516,-0.35419153224857935,0.32558139534883723,43,43,74
2025,13,2025_13_CHI_PHI,CHI,0.04194522476468253,0.03649872552729946,-0.15864509955976708,0.2076502752935757,0.44047619047619047,84,84,50
2025,13,2025_13_CHI_PHI,PHI,-0.03649872552729946,-0.04194522476468253,0.07613714368183776,-0.2551448245803305,0.44,50,50,84
2025,13,2025_13_CIN_BAL,BAL,-0.34010369241566096,0.002346606773383658,-0.6695188890360961,0.20892163528506422,0.39285714285714285,56,56,80
2025,13,2025_13_CIN_BAL,CIN,-0.002346606773383658,0.34010369241566096,0.13069551637790272,-0.19183084277673093,0.3875,80,80,56
2025,13,2025_13_DEN_WAS,DEN,0.1828667050081609,-0.07272244522995129,0.21478848615522478,0.11902314271403315,0.4492753623188406,69,69,85
2025,13,2025_13_DEN_WAS,WAS,0.07272244522995129,-0.1828667050081609,-0.006401609035510529,0.20377166010712244,0.4117647058823529,85,85,69
2025,13,2025_13_GB_DET,DET,0.03874003898290967,-0.28877528950808073,0.3026978833417852,-0.22521780537596595,0.4166666666666667,60,60,57
2025,13,2025_13_GB_DET,GB,0.28877528950808073,-0.03874003898290967,0.5450136255245338,0.004066027267577333,0.49122807017543857,57,57,60
2025,13,2025_13_HOU_IND,HOU,0.01109385885316322,0.11632910457837053,0.20528886378547745,-0.20023599945553167,0.4225352112676056,71,71,51
2025,13,2025_13_HOU_IND,IND,-0.11632910457837053,-0.01109385885316322,0.022179498323985025,-0.28494827332906425,0.37254901960784315,51,51,71
2025,13,2025_13_JAX_TEN,JAX,0.012991330008268017,0.42417983943685056,0.16212455593631603,-0.1659685411053896,0.4,55,55,55
2025,13,2025_13_JAX_TEN,TEN,-0.42417983943685056,-0.012991330008268017,-0.5989192843395128,0.08755710634951745,0.2545454545454545,55,55,55
2025,13,2025_13_KC_DAL,DAL,0.23159094574665268,-0.24995369634610445,0.39017382932937333,-0.04420537352764412,0.4603174603174603,63,63,60
2025,13,2025_13_KC_DAL,KC,0.24995369634610445,-0.23159094574665268,0.38263892777251535,0.03650354144274783,0.45,60,60,63
2025,13,2025_13_LA_CAR,CAR,0.2375984378085488,-0.13982017444446682,0.6480780077849473,-0.006470495690931358,0.4067796610169492,59,59,50
2025,13,2025_13_LA_CAR,LA,0.13982017444446682,-0.2375984378085488,-0.1170689917576965,0.5251539237477119,0.6,50,50,59
2025,13,2025_13_LV_LAC,LAC,0.1381939108897022,0.33158825984638596,0.3424775315123125,0.018613254915491293,0.4153846153846154,65,65,45
2025,13,2025_13_LV_LAC,LV,-0.33158825984638596,-0.1381939108897022,-0.07627197611665386,-0.7521091977541801,0.4222222222222222,45,45,65
2025,13,2025_13_MIN_SEA,MIN,-0.7026966656261238,0.1778850900669003,-0.9164846191021806,-0.21811063774706174,0.22448979591836735,49,49,62
2025,13,2025_13_MIN_SEA,SEA,-0.1778850900669003,0.7026966656261238,-0.2838325437202411,-0.07855935226689326,0.3709677419354839,62,62,49
2025,13,2025_13_NO_MIA,MIA,-0.13490428110554617,0.16475911940846216,-0.32076019094869934,0.02617084075851987,0.4107142857142857,56,56,71
2025,13,2025_13_NO_MIA,NO,-0.16475911940846216,0.13490428110554617,-0.2598545932135846,-0.018719641779166914,0.4507042253521127,71,71,56
2025,13,2025_13_NYG_NE,NE,0.16901200826397503,0.10817574793003776,0.33938722658565107,-0.04553456295591331,0.47540983606557374,61,61,54
2025,13,2025_13_NYG_NE,NYG,-0.10817574793003776,-0.16901200826397503,-0.1783397009976691,-0.0380117948624064,0.42592592592592593,54,54,61
2025,13,2025_13_SF_CLE,CLE,-0.19539794753917078,-0.008921418854560902,-0.15570843409032337,-0.2313665691021888,0.4262295081967213,61,61,64
2025,13,2025_13_SF_CLE,SF,0.008921418854560902,0.19539794753917078,0.0826247543861423,-0.06478191667702049,0.34375,64,64,61
2025,14,2025_14_CHI_GB,CHI,0.10808021202559331,-0.23984333820294076,-0.004968716030874602,0.23140631535992195,0.5217391304347826,69,69,51
2025,14,2025_14_CHI_GB,GB,0.23984333820294076,-0.10808021202559331,0.3087432060654884,0.16818747562589123,0.5294117647058824,51,51,69
2025,14,2025_14_CIN_BUF,BUF,0.2549044671400213,-0.1188889532990819,0.5219144324032677,-0.07372318241474349,0.5689655172413793,58,58,57
2025,14,2025_14_CIN_BUF,CIN,0.1188889532990819,-0.2549044671400213,0.21515321016647415,-0.07363956043570254,0.49122807017543857,57,57,58
2025,14,2025_14_DAL_DET,DAL,-0.01346204976070817,-0.3332461341799719,-0.02697065047081208,0.016369443474104628,0.42857142857142855,77,77,55
2025,14,2025_14_DAL_DET,DET,0.3332461341799719,0.01346204976070817,0.34851456408872794,0.3065263818396488,0.4909090909090909,55,55,77
2025,14,2025_14_DEN_LV,DEN,0.15527519608085547,0.05384815394599233,0.14380304356726223,0.1704480429536723,0.5694444444444444,72,72,47
2025,14,2025_14_DEN_LV,LV,-0.05384815394599233,-0.15527519608085547,-0.018082022927744645,-0.1581660360825481,0.3617021276595745,47,47,72
2025,14,2025_14_HOU_KC,HOU,-0.07540147642134276,0.2928953694636975,0.005554531670093317,-0.16419193690872427,0.3230769230769231,65,65,63
2025,14,2025_14_HOU_KC,KC,-0.2928953694636975,0.07540147642134276,-0.656344702960542,0.13321764222225815,0.36507936507936506,63,63,65
2025,14,2025_14_IND_JAX,IND,-0.18852082875255344,-0.09141080124428921,-0.14414917855629594,-0.25596573705086484,0.36507936507936506,63,63,60
2025,14,2025_14_IND_JAX,JAX,0.09141080124428921,0.18852082875255344,0.3516951568109081,-0.1868241995338206,0.4166666666666667,60,60,63
2025,14,2025_14_LA_ARI,ARI,-0.0618625542034183,-0.4385575391242012,-0.06996915187826871,-0.03464754772356336,0.3770491803278688,61,61,64
2025,14,2025_14_LA_ARI,LA,0.4385575391242012,0.0618625542034183,0.497086309864267,0.38357596661080606,0.640625,64,64,61
2025,14,2025_14_MIA_NYJ,MIA,0.20675522446731306,0.45283942731835725,0.07560867409417617,0.2807353298060057,0.5409836065573771,61,61,57
2025,14,2025_14_MIA_NYJ,NYJ,-0.45283942731835725,-0.20675522446731306,-0.6038559857001392,-0.09750634877298794,0.3333333333333333,57,57,61
2025,14,2025_14_NO_TB,NO,0.018192071700584022,0.1783482840616037,0.07753129898971615,-0.027301335887750612,0.39622641509433965,53,53,69
2025,14,2025_14_NO_TB,TB,-0.1783482840616037,-0.018192071700584022,-0.32720021435811736,-0.06384679921813166,0.391304347826087,69,69,53
2025,14,2025_14_PHI_LAC,LAC,-0.2722896922987969,0.26299179564461084,-0.472038020790948,-0.09882403860824468,0.30985915492957744,71,71,65
2025,14,2025_14_PHI_LAC,PHI,-0.26299179564461084,0.2722896922987969,-0.39600083489754506,-0.035768020254181465,0.35384615384615387,65,65,71
2025,14,2025_14_PIT_BAL,BAL,0.013068931791815798,-0.26883418334592607,-0.13719990677807103,0.1445541655404668,0.44,75,75,50
2025,14,2025_14_PIT_BAL,PIT,0.26883418334592607,-0.013068931791815798,0.31078123691862264,0.17969669450394576,0.42,50,50,75
2025,14,2025_14_SEA_ATL,ATL,-0.35601545536990825,-0.15181387743784508,-0.49591437604921856,-0.21611653469059797,0.3548387096774194,62,62,58
2025,14,2025_14_SEA_ATL,SEA,0.15181387743784508,0.35601545536990825,0.31379296357314757,-0.04754499780560414,0.4827586206896552,58,58,62
2025,14,2025_14_TEN_CLE,CLE,-0.05692766976295185,0.09271315196570791,-0.008649111224499703,-0.16038172377392074,0.42424242424242425,66,66,64
2025,14,2025_14_TEN_CLE,TEN,-0.09271315196570791,0.05692766976295185,-0.3028911127616523,0.08143430126521743,0.359375,64,64,66
2025,14,2025_14_WAS_MIN,MIN,0.3093801282268059,0.4321306956342745,0.34300380431198246,0.27911881975014696,0.543859649122807,57,57,49
2025,14,2025_14_WAS_MIN,WAS,-0.4321306956342745,-0.3093801282268059,-0.6586382624764855,-0.176078663551775,0.3469387755102041,49,49,57
2025,15,2025_15_ARI_HOU,ARI,0.012079446338022534,-0.24830012980402955,-0.0416561333685247,0.12210944288000021,0.46875,64,64,60
2025,15,2025_15_ARI_HOU,HOU,0.24830012980402955,-0.012079446338022534,0.5150988194163456,-0.0012857411236209984,0.48333333333333334,60,60,64
2025,15,2025_15_ATL_TB,ATL,0.2173615541685331,-0.055107300613201245,0.2671192002706736,0.10836861508765391,0.4925373134328358,67,67,62
2025,15,2025_15_ATL_TB,TB,0.055107300613201245,-0.2173615541685331,0.1104232393167491,-0.0454671333932494,0.46774193548387094,62,62,67
2025,15,2025_15_BAL_CIN,BAL,0.2074522312475908,0.3091005075363849,0.004413531297226658,0.3621483835907254,0.4594594594594595,37,37,71
2025,15,2025_15_BAL_CIN,CIN,-0.3091005075363849,-0.2074522312475908,-0.327363012321127,-0.2826513626757238,0.38028169014084506,71,71,37
2025,15,2025_15_BUF_NE,BUF,0.2610677966958974,-0.24429784937200227,0.31514815588113076,0.21334983270892682,0.46875,64,64,51
2025,15,2025_15_BUF_NE,NE,0.24429784937200227,-0.2610677966958974,-0.13096569042290168,0.6345719307587023,0.5490196078431373,51,51,64
2025,15,2025_15_CAR_NO,CAR,0.11013014508381673,-0.10643883001799215,0.30735286898975045,-0.04892043871129112,0.375,56,56,61
2025,15,2025_15_CAR_NO,NO,0.10643883001799215,-0.11013014508381673,0.23856576393093196,-0.09725685976445675,0.5081967213114754,61,61,56
2025,15,2025_15_CLE_CHI,CHI,0.05207934172665347,0.466044770482573,0.10603016305910605,-0.00018551643915998284,0.4444444444444444,63,63,56
2025,15,2025_15_CLE_CHI,CLE,-0.466044770482573,-0.05207934172665347,-0.5736813353018994,-0.1969533584342571,0.23214285714285715,56,56,63
2025,15,2025_15_DET_LA,DET,0.1559829393661675,-0.1972362266317537,0.3047999929404496,-0.156532873139825,0.3548387096774194,62,62,69
2025,15,2025_15_DET_LA,LA,0.1972362266317537,-0.1559829393661675,0.2059116293584114,0.18527015390532925,0.5942028985507246,69,69,62
2025,15,2025_15_GB_DEN,DEN,0.16455615023710563,-0.022322196112852005,0.605534584249493,-0.3352194083102668,0.484375,64,64,63
2025,15,2025_15_GB_DEN,GB,0.022322196112852005,-0.16455615023710563,-0.012342023273524945,0.09685026779356246,0.4126984126984127,63,63,64
2025,15,2025_15_IND_SEA,IND,-0.09799451798336897,0.04144017157500245,-0.0904752534100249,-0.10501249825182345,0.3620689655172414,58,58,56
2025,15,2025_15_IND_SEA,SEA,-0.04144017157500245,0.09799451798336897,0.13249440009558303,-0.3313311243593116,0.4642857142857143,56,56,58
2025,15,2025_15_LAC_KC,KC,-0.10570821223760266,0.045161468432791736,-0.12217604879785361,-0.07590926989048187,0.423728813559322,59,59,61
2025,15,2025_15_LAC_KC,LAC,-0.045161468432791736,0.10570821223760266,0.013138764038988858,-0.11387245670310457,0.47540983606557374,61,61,59
2025,15,2025_15_LV_PHI,LV,-0.41019967069483493,-0.24604142609317212,-0.5768347643556652,-0.03847523098990608,0.2619047619047619,42,42,66
2025,15,2025_15_LV_PHI,PHI,0.24604142609317212,0.41019967069483493,0.8657158701444189,-0.0044652640552042015,0.5606060606060606,66,66,42
2025,15,2025_15_MIA_PIT,MIA,-0.04027871940113572,-0.223225180653014,0.07767174485643558,-0.29092345594847474,0.42,50,50,62
2025,15,2025_15_MIA_PIT,PIT,0.223225180653014,0.04027871940113572,0.37090448207066706,0.08477583557396429,0.532258064516129,62,62,50
2025,15,2025_15_MIN_DAL,DAL,0.1113029115772439,-0.22620073394569767,0.02397332465840807,0.23175751422391402,0.463768115942029,69,69,51
2025,15,2025_15_MIN_DAL,MIN,0.22620073394569767,-0.1113029115772439,0.5007569648579251,-0.017849249087393285,0.47058823529411764,51,51,69
2025,15,2025_15_NYJ_JAX,JAX,0.3273718464182312,0.15684513110884288,0.7426830055127103,-0.22637636570774097,0.5357142857142857,56,56,68
2025,15,2025_15_NYJ_JAX,NYJ,-0.15684513110884288,-0.3273718464182312,-0.21597395159367683,-0.09032520806340472,0.4264705882352941,68,68,56
2025,15,2025_15_TEN_SF,SF,0.24785541111916856,-0.23221759362338282,0.5577307406028804,-0.01309223476185198,0.5285714285714286,70,70,49
2025,15,2025_15_TEN_SF,TEN,0.23221759362338282,-0.24785541111916856,0.06010995127842053,0.4817736750235781,0.5102040816326531,49,49,70
2025,15,2025_15_WAS_NYG,NYG,0.020273347970565275,-0.0025248458819554288,-0.0065578732684223985,0.05543149993889395,0.43283582089552236,67,67,55
2025,15,2025_15_WAS_NYG,WAS,0.0025248458819554288,-0.020273347970565275,0.0716807666572164,-0.04018910518511752,0.4909090909090909,55,55,67
2025,16,2025_16_ATL_ARI,ARI,-0.004239506768854666,-0.053032834304417804,-0.07259640965794659,0.093837788680712,0.375,56,56,71
2025,16,2025_16_ATL_ARI,ATL,0.053032834304417804,0.004239506768854666,0.2248373205402812,-0.1236803515381845,0.4084507042253521,71,71,56
2025,16,2025_16_BUF_CLE,BUF,0.06078290143606926,0.09587976092174261,-0.40341069898792475,0.421822368432509,0.5416666666666666,48,48,64
2025,16,2025_16_BUF_CLE,CLE,-0.09587976092174261,-0.06078290143606926,-0.45092670011630265,0.2820734324144019,0.46875,64,64,48
2025,16,2025_16_CIN_MIA,CIN,0.3721539016830053,0.05743694774995173,0.5599867196004953,0.11930203140946105,0.5573770491803278,61,61,58
2025,16,2025_16_CIN_MIA,MIA,-0.05743694774995173,-0.3721539016830053,0.04563065451996711,-0.16786652161057905,0.3448275862068966,58,58,61
2025,16,2025_16_GB_CHI,CHI,0.1006365612826786,-0.06088478166382712,0.16853374264155258,0.011847939505689563,0.4666666666666667,60,60,68
2025,16,2025_16_GB_CHI,GB,0.06088478166382712,-0.1006365612826786,0.293827982447255,-0.08331815215448539,0.5,68,68,60
2025,16,2025_16_JAX_DEN,DEN,-0.033010765424292064,-0.08766054605876356,0.006037272210748984,-0.1432640481585256,0.4461538461538462,65,65,68
2025,16,2025_16_JAX_DEN,JAX,0.08766054605876356,0.033010765424292064,0.22387767221016877,-0.11918768254151844,0.36764705882352944,68,68,65
2025,16,2025_16_KC_TEN,KC,-0.31250395935260805,-0.04466097440533517,-0.3975534468084182,-0.1537449161017624,0.3488372093023256,43,43,68
2025,16,2025_16_KC_TEN,TEN,0.04466097440533517,0.31250395935260805,0.22563733187659332,-0.09821509728250023,0.4411764705882353,68,68,43
2025,16,2025_16_LAC_DAL,DAL,0.03422700168266081,-0.4464467190914071,0.41236467094902324,-0.5083183498734244,0.48214285714285715,56,56,61
2025,16,2025_16_LAC_DAL,LAC,0.4464467190914071,-0.03422700168266081,0.8188386754691265,0.10896650862409887,0.5737704918032787,61,61,56
2025,16,2025_16_LA_SEA,LA,0.24381706246044457,-0.03187544195747648,0.5334650420795094,-0.12009962988145745,0.4431818181818182,88,88,65
2025,16,2025_16_LA_SEA,SEA,0.03187544195747648,-0.24381706246044457,-0.1843000527565272,0.35613868402848203,0.49230769230769234,65,65,88
2025,16,2025_16_LV_HOU,HOU,-0.15858796426285257,0.04247776650876369,0.08245413176399584,-0.5101076876353399,0.3728813559322034,59,59,53
2025,16,2025_16_LV_HOU,LV,-0.04247776650876369,0.15858796426285257,0.06386136037494558,-0.14487840721159484,0.37735849056603776,53,53,59
2025,16,2025_16_MIN_NYG,MIN,-0.05671287556054692,0.3790469533118428,-0.32906646055619254,0.20591379568525423,0.4909090909090909,55,55,48
2025,16,2025_16_MIN_NYG,NYG,-0.3790469533118428,0.05671287556054692,-0.9476775168718637,-0.0378686151758302,0.2916666666666667,48,48,55
2025,16,2025_16_NE_BAL,BAL,0.1051973278112412,-0.22312592925385946,0.1906075232853096,0.04914688703138381,0.5094339622641509,53,53,69
2025,16,2025_16_NE_BAL,NE,0.22312592925385946,-0.1051973278112412,0.271811007115356,0.10384748849319295,0.5362318840579711,69,69,53
2025,16,2025_16_NYJ_NO,NO,-0.005796187007592138,0.3565103556337593,0.1698485766404893,-0.37113729539560153,0.4025974025974026,77,77,63
2025,16,2025_16_NYJ_NO,NYJ,-0.3565103556337593,0.005796187007592138,-0.49505268876097813,-0.0586443394102389,0.30158730158730157,63,63,77
2025,16,2025_16_PHI_WAS,PHI,0.2896811006046502,0.12504454409910207,0.23378591142040964,0.3438824961772471,0.5230769230769231,65,65,51
2025,16,2025_16_PHI_WAS,WAS,-0.12504454409910207,-0.2896811006046502,-0.318457823069352,0.06092976260306134,0.4117647058823529,51,51,65
2025,16,2025_16_PIT_DET,DET,0.10131214237048737,-0.2117451658375279,0.19038248237058172,-0.36023416490272875,0.4264705882352941,68,68,70
2025,16,2025_16_PIT_DET,PIT,0.2117451658375279,-0.10131214237048737,0.1416054531546327,0.32344915270287955,0.4142857142857143,70,70,68
2025,16,2025_16_SF_IND,IND,-0.03678054620523284,-0.4026968567348456,-0.009865195970899802,-0.08791971165046561,0.5,58,58,63
2025,16,2025_16_SF_IND,SF,0.4026968567348456,0.03678054620523284,0.5865539642721018,0.17287547231327544,0.5238095238095238,63,63,58
2025,16,2025_16_TB_CAR,CAR,0.10059068346236226,-0.10685435090192215,0.11380884114074359,0.07693713814315353,0.4339622641509434,53,53,60
2025,16,2025_16_TB_CAR,TB,0.10685435090192215,-0.10059068346236226,0.10145327061969077,0.11158029614887459,0.43333333333333335,60,60,53
2025,17,2025_17_ARI_CIN,ARI,-0.045414285696568656,-0.3402397610588282,-0.018695610491615697,-0.12968087672757414,0.35185185185185186,54,54,70
2025,17,2025_17_ARI_CIN,CIN,0.3402397610588282,0.045414285696568656,0.4774462894062327,0.16762509636370646,0.5142857142857142,70,70,54
2025,17,2025_17_BAL_GB,BAL,0.3670992137249119,-0.11056126722974988,0.307584422342692,0.3911340333215776,0.5753424657534246,73,73,43
2025,17,2025_17_BAL_GB,GB,0.11056126722974988,-0.3670992137249119,0.42111229589553895,-0.4134935936437692,0.5116279069767442,43,43,73
2025,17,2025_17_CHI_SF,CHI,0.3625783731220248,-0.28495281093808655,0.4416590199158235,0.2152008040972181,0.49206349206349204,63,63,68
2025,17,2025_17_CHI_SF,SF,0.28495281093808655,-0.3625783731220248,0.3741566353744608,0.19574898650171235,0.5147058823529411,68,68,63
2025,17,2025_17_DAL_WAS,DAL,0.2127832348644801,-0.19653274427039732,0.27298160945606714,0.15395300514997454,0.4827586206896552,87,87,40
2025,17,2025_17_DAL_WAS,WAS,0.19653274427039732,-0.2127832348644801,0.18363045905066264,0.21588617209999938,0.425,40,40,87
2025,17,2025_17_DEN_KC,DEN,0.0965345055469601,0.1994587992753669,0.07516910725243756,0.12341355501426264,0.5142857142857142,70,70,41
2025,17,2025_17_DEN_KC,KC,-0.1994587992753669,-0.0965345055469601,-0.38060838740675984,0.010293355403088131,0.2926829268292683,41,41,70
2025,17,2025_17_DET_MIN,DET,-0.4637179825861598,0.2773751509675688,-0.23360349401638406,-0.724514402965239,0.3125,64,64,51
2025,17,2025_17_DET_MIN,MIN,-0.2773751509675688,0.4637179825861598,-0.7635227331901578,0.12196036300098642,0.29411764705882354,51,51,64
2025,17,2025_17_HOU_LAC,HOU,-0.1514305319207047,0.2153056603435169,-0.1688106925967094,-0.13573232227786175,0.3898305084745763,59,59,59
2025,17,2025_17_HOU_LAC,LAC,-0.2153056603435169,0.1514305319207047,-0.2404532862526784,-0.1730119258599271,0.3220338983050847,59,59,59
2025,17,2025_17_JAX_IND,IND,-0.20558239751147017,-0.005853578666848325,-0.36426701318410504,0.043779141402670314,0.35185185185185186,54,54,68
2025,17,2025_17_JAX_IND,JAX,0.005853578666848325,0.20558239751147017,0.02514415728783761,-0.020088923616551048,0.4411764705882353,68,68,54
2025,17,2025_17_LA_ATL,ATL,0.1156438092734969,0.10361725561301678,0.24617479346598267,0.03653412188411157,0.4339622641509434,53,53,61
2025,17,2025_17_LA_ATL,LA,-0.10361725561301678,-0.1156438092734969,-0.06703672688516828,-0.1786073395051062,0.4262295081967213,61,61,53
2025,17,2025_17_NE_NYJ,NE,0.48764402833789583,0.19830819677414527,1.081439777725677,0.03356492586488671,0.5666666666666667,60,60,63
2025,17,2025_17_NE_NYJ,NYJ,-0.19830819677414527,-0.48764402833789583,-0.3514111651087197,-0.00692948635592724,0.3492063492063492,63,63,60
2025,17,2025_17_NO_TEN,NO,0.24544763631604535,0.18078528304507244,0.3896531439366538,0.05535855808887969,0.45098039215686275,51,51,72
2025,17,2025_17_NO_TEN,TEN,-0.18078528304507244,-0.24544763631604535,-0.19515432583706113,-0.15820535865766164,0.3333333333333333,72,72,51
2025,17,2025_17_NYG_LV,LV,-0.21468708531499203,-0.23922356683374604,-0.1807942314962202,-0.27230493680690415,0.3333333333333333,54,54,60
2025,17,2025_17_NYG_LV,NYG,0.23922356683374604,0.21468708531499203,0.09323291831973307,0.4060700222783323,0.5,60,60,54
2025,17,2025_17_PHI_BUF,BUF,-0.12071316199451174,0.11959278373005547,-0.2300883788518187,0.019423834603912837,0.3835616438356164,73,73,53
2025,17,2025_17_PHI_BUF,PHI,-0.11959278373005547,0.12071316199451174,-0.1787084400901972,-0.05338324860669672,0.3018867924528302,53,53,73
2025,17,2025_17_PIT_CLE,CLE,-0.2336614750163306,0.2044288532304102,-0.22015809514662904,-0.24772749571393637,0.3469387755102041,49,49,63
2025,17,2025_17_PIT_CLE,PIT,-0.2044288532304102,0.2336614750163306,-0.3183951853392642,-0.019233563553522497,0.4126984126984127,63,63,49
2025,17,2025_17_SEA_CAR,CAR,-0.5107222867168542,0.05358890314740905,-0.8109070935729855,-0.17138293983600988,0.3673469387755102,49,49,65
2025,17,2025_17_SEA_CAR,SEA,-0.05358890314740905,0.5107222867168542,-0.25380988028894774,0.11802907725962411,0.4153846153846154,65,65,49
2025,17,2025_17_TB_MIA,MIA,0.1076283444776981,-0.035067697904803116,0.19820246489522333,0.0299933841198193,0.4230769230769231,52,52,63
2025,17,2025_17_TB_MIA,TB,0.035067697904803116,-0.1076283444776981,0.0371325285598479,0.02900225785560906,0.49206349206349204,63,63,52
2025,18,2025_18_ARI_LA,ARI,0.03618760896290027,-0.23612738051027957,0.03458575282069987,0.040245644523141284,0.4339622641509434,53,53,68
2025,18,2025_18_ARI_LA,LA,0.23612738051027957,-0.03618760896290027,0.39456403715662464,0.009789299586929518,0.5441176470588235,68,68,53
2025,18,2025_18_BAL_PIT,BAL,0.13874552093837494,-0.05849587082471776,0.41427086510063293,-0.08379418011575651,0.3404255319148936,47,47,73
2025,18,2025_18_BAL_PIT,PIT,0.05849587082471776,-0.13874552093837494,0.15205875035574376,-0.132528341551127,0.4520547945205479,73,73,47
2025,18,2025_18_CAR_TB,CAR,-0.021426274508918312,-0.006040095488994255,0.18751050006678108,-0.567876300322286,0.425531914893617,47,47,66
2025,18,2025_18_CAR_TB,TB,0.006040095488994255,0.021426274508918312,0.2827351173636379,-0.15207134558223065,0.4393939393939394,66,66,47
2025,18,2025_18_CLE_CIN,CIN,-0.11326667210612613,0.12539844451237517,-0.2973033008945197,0.195914864258375,0.582089552238806,67,67,52
2025,18,2025_18_CLE_CIN,CLE,-0.12539844451237517,0.11326667210612613,-0.3463272603852915,0.1323518406726939,0.34615384615384615,52,52,67
2025,18,2025_18_DAL_NYG,DAL,-0.12970593135882458,-0.13465806505958802,-0.260340994580656,-0.02159415489937789,0.4339622641509434,53,53,70
2025,18,2025_18_DAL_NYG,NYG,0.13465806505958802,0.12970593135882458,0.21872538615892315,0.034828121254127625,0.4714285714285714,70,70,53
2025,18,2025_18_DET_CHI,CHI,-0.019359930886783536,-0.14434690267100864,-0.041232898130793394,0.02093237719428725,0.4444444444444444,54,54,72
2025,18,2025_18_DET_CHI,DET,0.14434690267100864,0.019359930886783536,0.2131793494772913,0.02962615799387087,0.5416666666666666,72,72,54
2025,18,2025_18_GB_MIN,GB,-0.32896393591844886,0.0427276370525064,-0.8781343495667291,-0.08668287107361927,0.3673469387755102,49,49,64
2025,18,2025_18_GB_MIN,MIN,-0.0427276370525064,0.32896393591844886,0.06465357626681878,-0.1570366705859816,0.46875,64,64,49
2025,18,2025_18_IND_HOU,HOU,-0.01890033960430786,0.07294242176672638,-0.05587011819730127,0.016914133407654505,0.4444444444444444,63,63,64
2025,18,2025_18_IND_HOU,IND,-0.07294242176672638,0.01890033960430786,-0.04481073050257992,-0.10911173910634327,0.375,64,64,63
2025,18,2025_18_KC_LV,KC,-0.4682060693371074,0.49023991220838736,-0.579967534384047,-0.2786974981705577,0.24193548387096775,62,62,61
2025,18,2025_18_KC_LV,LV,-0.49023991220838736,0.4682060693371074,-0.5758376824624954,-0.41266693291560186,0.2786885245901639,61,61,62
2025,18,2025_18_LAC_DEN,DEN,-0.18474615782707252,0.41350366559252,-0.21299650696506392,-0.15844410862963218,0.35714285714285715,56,56,66
2025,18,2025_18_LAC_DEN,LAC,-0.41350366559252,0.18474615782707252,-0.6807446605848542,0.15915560939105317,0.2878787878787879,66,66,56
2025,18,2025_18_MIA_NE,MIA,-0.34409286922429466,-0.35990873299846027,-0.34829005793859513,-0.33922413031570614,0.42592592592592593,54,54,54
2025,18,2025_18_MIA_NE,NE,0.35990873299846027,0.34409286922429466,0.39988370106917337,0.332425942449845,0.6296296296296297,54,54,54
2025,18,2025_18_NO_ATL,ATL,-0.24802168146832365,0.11437933394057462,-0.15773548102492382,-0.38541372562132326,0.3275862068965517,58,58,65
2025,18,2025_18_NO_ATL,NO,-0.11437933394057462,0.24802168146832365,-0.2085878559855195,0.02693344912684272,0.36923076923076925,65,65,58
2025,18,2025_18_NYJ_BUF,BUF,0.35458301354125144,0.25580803342219044,0.7253219057381559,0.059893124871917114,0.6142857142857143,70,70,47
2025,18,2025_18_NYJ_BUF,NYJ,-0.25580803342219044,-0.35458301354125144,-0.2638633197657279,-0.24740251723762965,0.3404255319148936,47,47,70
2025,18,2025_18_SEA_SF,SEA,0.06867175021080515,0.358990701150869,0.17070135058541872,-0.01068460563611653,0.484375,64,64,42
2025,18,2025_18_SEA_SF,SF,-0.358990701150869,-0.06867175021080515,-0.45196908386397694,-0.1265447443680993,0.35714285714285715,42,42,64
2025,18,2025_18_TEN_JAX,JAX,0.21885933596011084,0.34853634520370375,0.4005463094723589,-0.07530052591686226,0.4727272727272727,55,55,53
2025,18,2025_18_TEN_JAX,TEN,-0.34853634520370375,-0.21885933596011084,-0.5762618024837988,0.05897236782383468,0.3018867924528302,53,53,55
2025,18,2025_18_WAS_PHI,PHI,-0.10292984583499282,0.025166327970555676,-0.14317976283994716,-0.011837928402727764,0.43548387096774194,62,62,61
2025,18,2025_18_WAS_PHI,WAS,-0.025166327970555676,0.10292984583499282,0.19333554564447733,-0.139879811618448,0.45901639344262296,61,61,62
